wildtype,position,mutant,mutation,observed_omicron_BA1,observed_SARS2,observed_sarbeco,tolerated_DMS
N,331,A,N331A,0,0,0,1
N,331,C,N331C,0,0,0,1
N,331,D,N331D,0,0,0,1
N,331,E,N331E,0,0,0,1
N,331,F,N331F,0,0,0,1
N,331,G,N331G,0,0,0,1
N,331,H,N331H,0,1,0,1
N,331,I,N331I,0,0,0,1
N,331,K,N331K,0,0,0,1
N,331,L,N331L,0,0,0,1
N,331,M,N331M,0,0,0,1
N,331,P,N331P,0,0,0,1
N,331,Q,N331Q,0,0,0,1
N,331,R,N331R,0,0,0,1
N,331,S,N331S,0,1,0,1
N,331,T,N331T,0,1,0,1
N,331,V,N331V,0,0,0,1
N,331,W,N331W,0,0,0,1
N,331,Y,N331Y,0,1,0,1
I,332,A,I332A,0,0,0,0
I,332,C,I332C,0,0,0,1
I,332,D,I332D,0,0,0,1
I,332,E,I332E,0,0,0,1
I,332,F,I332F,0,0,0,1
I,332,G,I332G,0,0,0,1
I,332,H,I332H,0,0,0,1
I,332,K,I332K,0,0,0,1
I,332,L,I332L,0,0,0,1
I,332,M,I332M,0,0,1,1
I,332,N,I332N,0,0,0,1
I,332,P,I332P,0,0,0,1
I,332,Q,I332Q,0,0,0,1
I,332,R,I332R,0,0,0,1
I,332,S,I332S,0,0,0,1
I,332,T,I332T,0,1,0,1
I,332,V,I332V,0,1,1,1
I,332,W,I332W,0,0,0,1
I,332,Y,I332Y,0,0,0,1
T,333,A,T333A,0,1,0,1
T,333,C,T333C,0,0,0,1
T,333,D,T333D,0,0,0,1
T,333,E,T333E,0,0,0,1
T,333,F,T333F,0,0,0,1
T,333,G,T333G,0,0,0,1
T,333,H,T333H,0,0,0,1
T,333,I,T333I,0,1,0,1
T,333,K,T333K,0,1,0,1
T,333,L,T333L,0,0,0,1
T,333,M,T333M,0,0,0,1
T,333,N,T333N,0,0,0,1
T,333,P,T333P,0,0,0,1
T,333,Q,T333Q,0,0,0,1
T,333,R,T333R,0,0,0,1
T,333,S,T333S,0,0,0,0
T,333,V,T333V,0,0,0,1
T,333,W,T333W,0,0,0,1
T,333,Y,T333Y,0,0,0,1
N,334,A,N334A,0,0,0,1
N,334,C,N334C,0,0,0,1
N,334,D,N334D,0,0,0,1
N,334,E,N334E,0,0,0,1
N,334,F,N334F,0,0,0,1
N,334,G,N334G,0,0,0,1
N,334,H,N334H,0,1,0,1
N,334,I,N334I,0,0,0,1
N,334,K,N334K,0,1,1,1
N,334,L,N334L,0,0,0,1
N,334,M,N334M,0,0,0,1
N,334,P,N334P,0,0,0,1
N,334,Q,N334Q,0,0,1,1
N,334,R,N334R,0,0,0,1
N,334,S,N334S,0,0,0,1
N,334,T,N334T,0,0,0,1
N,334,V,N334V,0,0,0,1
N,334,W,N334W,0,0,0,1
N,334,Y,N334Y,0,1,0,1
L,335,A,L335A,0,0,0,1
L,335,C,L335C,0,0,0,1
L,335,D,L335D,0,0,0,1
L,335,E,L335E,0,0,0,1
L,335,F,L335F,0,1,0,1
L,335,G,L335G,0,0,0,1
L,335,H,L335H,0,0,0,1
L,335,I,L335I,0,0,1,1
L,335,K,L335K,0,0,0,1
L,335,M,L335M,0,0,0,1
L,335,N,L335N,0,0,0,1
L,335,P,L335P,0,0,0,1
L,335,Q,L335Q,0,0,0,1
L,335,R,L335R,0,0,0,1
L,335,S,L335S,0,1,0,1
L,335,T,L335T,0,0,0,1
L,335,V,L335V,0,1,0,1
L,335,W,L335W,0,0,0,1
L,335,Y,L335Y,0,0,0,1
C,336,A,C336A,0,0,0,0
C,336,D,C336D,0,0,0,1
C,336,E,C336E,0,0,0,0
C,336,F,C336F,0,0,0,1
C,336,G,C336G,0,0,0,0
C,336,H,C336H,0,0,0,1
C,336,I,C336I,0,0,0,0
C,336,K,C336K,0,0,0,0
C,336,L,C336L,0,0,0,0
C,336,M,C336M,0,0,0,0
C,336,N,C336N,0,0,0,1
C,336,P,C336P,0,0,0,0
C,336,Q,C336Q,0,0,0,0
C,336,R,C336R,0,0,0,0
C,336,S,C336S,0,0,0,1
C,336,T,C336T,0,0,0,0
C,336,V,C336V,0,0,0,0
C,336,W,C336W,0,0,0,0
C,336,Y,C336Y,0,0,0,0
P,337,A,P337A,0,0,0,1
P,337,C,P337C,0,0,0,1
P,337,D,P337D,0,0,0,1
P,337,E,P337E,0,0,0,1
P,337,F,P337F,0,0,0,1
P,337,G,P337G,0,0,0,1
P,337,H,P337H,0,1,0,1
P,337,I,P337I,0,0,0,1
P,337,K,P337K,0,0,0,1
P,337,L,P337L,0,1,0,1
P,337,M,P337M,0,0,0,1
P,337,N,P337N,0,0,0,1
P,337,Q,P337Q,0,0,0,1
P,337,R,P337R,0,1,0,1
P,337,S,P337S,0,1,0,1
P,337,T,P337T,0,1,0,1
P,337,V,P337V,0,0,0,1
P,337,W,P337W,0,0,0,1
P,337,Y,P337Y,0,0,0,1
F,338,A,F338A,0,0,0,0
F,338,C,F338C,0,0,0,0
F,338,D,F338D,0,0,0,0
F,338,E,F338E,0,0,0,0
F,338,G,F338G,0,0,0,0
F,338,H,F338H,0,0,0,0
F,338,I,F338I,0,0,0,1
F,338,K,F338K,0,0,0,0
F,338,L,F338L,0,1,0,1
F,338,M,F338M,0,0,0,1
F,338,N,F338N,0,0,0,0
F,338,P,F338P,0,0,0,0
F,338,Q,F338Q,0,0,0,0
F,338,R,F338R,0,0,0,0
F,338,S,F338S,0,0,0,0
F,338,T,F338T,0,0,0,0
F,338,V,F338V,0,0,0,1
F,338,W,F338W,0,0,0,1
F,338,Y,F338Y,0,1,0,1
G,339,A,G339A,0,0,0,1
G,339,C,G339C,0,1,0,1
G,339,D,G339D,1,1,1,1
G,339,E,G339E,0,0,0,1
G,339,F,G339F,0,0,0,1
G,339,H,G339H,0,0,0,1
G,339,I,G339I,0,0,0,1
G,339,K,G339K,0,0,0,1
G,339,L,G339L,0,0,0,1
G,339,M,G339M,0,0,0,1
G,339,N,G339N,0,0,1,1
G,339,P,G339P,0,0,0,1
G,339,Q,G339Q,0,0,0,1
G,339,R,G339R,0,0,0,1
G,339,S,G339S,0,1,1,1
G,339,T,G339T,0,0,0,1
G,339,V,G339V,0,1,0,1
G,339,W,G339W,0,0,0,1
G,339,Y,G339Y,0,0,0,1
E,340,A,E340A,0,1,0,1
E,340,C,E340C,0,0,0,0
E,340,D,E340D,0,1,1,1
E,340,F,E340F,0,0,0,1
E,340,G,E340G,0,1,0,1
E,340,H,E340H,0,0,0,1
E,340,I,E340I,0,0,0,1
E,340,K,E340K,0,1,0,1
E,340,L,E340L,0,0,0,1
E,340,M,E340M,0,0,0,1
E,340,N,E340N,0,0,0,1
E,340,P,E340P,0,0,0,1
E,340,Q,E340Q,0,1,1,1
E,340,R,E340R,0,0,0,1
E,340,S,E340S,0,0,0,1
E,340,T,E340T,0,0,0,1
E,340,V,E340V,0,0,0,1
E,340,W,E340W,0,0,0,1
E,340,Y,E340Y,0,0,0,1
V,341,A,V341A,0,0,0,0
V,341,C,V341C,0,0,0,0
V,341,D,V341D,0,0,0,0
V,341,E,V341E,0,0,0,0
V,341,F,V341F,0,0,0,0
V,341,G,V341G,0,0,0,0
V,341,H,V341H,0,0,0,0
V,341,I,V341I,0,1,0,1
V,341,K,V341K,0,0,0,0
V,341,L,V341L,0,0,0,1
V,341,M,V341M,0,0,0,1
V,341,N,V341N,0,0,0,0
V,341,P,V341P,0,0,0,0
V,341,Q,V341Q,0,0,0,0
V,341,R,V341R,0,0,0,0
V,341,S,V341S,0,0,0,0
V,341,T,V341T,0,0,0,1
V,341,W,V341W,0,0,0,1
V,341,Y,V341Y,0,0,0,0
F,342,A,F342A,0,0,0,0
F,342,C,F342C,0,0,0,0
F,342,D,F342D,0,0,0,0
F,342,E,F342E,0,0,0,0
F,342,G,F342G,0,0,0,0
F,342,H,F342H,0,0,0,0
F,342,I,F342I,0,1,0,1
F,342,K,F342K,0,0,0,0
F,342,L,F342L,0,1,0,1
F,342,M,F342M,0,0,0,1
F,342,N,F342N,0,0,0,0
F,342,P,F342P,0,0,0,0
F,342,Q,F342Q,0,0,0,0
F,342,R,F342R,0,0,0,0
F,342,S,F342S,0,0,0,0
F,342,T,F342T,0,0,0,0
F,342,V,F342V,0,0,0,1
F,342,W,F342W,0,0,0,0
F,342,Y,F342Y,0,0,0,0
N,343,A,N343A,0,0,0,1
N,343,C,N343C,0,0,0,0
N,343,D,N343D,0,0,0,1
N,343,E,N343E,0,0,0,1
N,343,F,N343F,0,0,0,1
N,343,G,N343G,0,0,0,1
N,343,H,N343H,0,0,0,1
N,343,I,N343I,0,0,0,0
N,343,K,N343K,0,0,0,1
N,343,L,N343L,0,0,0,1
N,343,M,N343M,0,0,0,1
N,343,P,N343P,0,0,0,0
N,343,Q,N343Q,0,0,0,1
N,343,R,N343R,0,0,0,1
N,343,S,N343S,0,0,0,1
N,343,T,N343T,0,0,0,1
N,343,V,N343V,0,0,0,0
N,343,W,N343W,0,0,0,1
N,343,Y,N343Y,0,0,0,1
A,344,C,A344C,0,0,0,1
A,344,D,A344D,0,0,0,1
A,344,E,A344E,0,0,0,1
A,344,F,A344F,0,0,0,0
A,344,G,A344G,0,0,0,1
A,344,H,A344H,0,0,0,1
A,344,I,A344I,0,0,1,1
A,344,K,A344K,0,0,1,1
A,344,L,A344L,0,0,0,1
A,344,M,A344M,0,0,0,1
A,344,N,A344N,0,0,0,1
A,344,P,A344P,0,0,0,0
A,344,Q,A344Q,0,0,0,1
A,344,R,A344R,0,0,1,1
A,344,S,A344S,0,1,0,1
A,344,T,A344T,0,1,0,1
A,344,V,A344V,0,1,0,1
A,344,W,A344W,0,0,0,0
A,344,Y,A344Y,0,0,0,0
T,345,A,T345A,0,0,0,1
T,345,C,T345C,0,0,0,0
T,345,D,T345D,0,0,0,1
T,345,E,T345E,0,0,0,1
T,345,F,T345F,0,0,0,1
T,345,G,T345G,0,0,0,1
T,345,H,T345H,0,0,0,1
T,345,I,T345I,0,0,0,1
T,345,K,T345K,0,0,0,1
T,345,L,T345L,0,0,0,1
T,345,M,T345M,0,0,0,1
T,345,N,T345N,0,0,0,1
T,345,P,T345P,0,0,0,1
T,345,Q,T345Q,0,0,0,1
T,345,R,T345R,0,0,0,1
T,345,S,T345S,0,1,1,1
T,345,V,T345V,0,0,0,1
T,345,W,T345W,0,0,0,1
T,345,Y,T345Y,0,0,0,1
R,346,A,R346A,0,0,0,1
R,346,C,R346C,0,0,0,1
R,346,D,R346D,0,0,0,1
R,346,E,R346E,0,0,0,1
R,346,F,R346F,0,0,0,1
R,346,G,R346G,0,1,0,1
R,346,H,R346H,0,0,0,1
R,346,I,R346I,0,1,0,1
R,346,K,R346K,0,1,1,1
R,346,L,R346L,0,0,0,1
R,346,M,R346M,0,0,1,1
R,346,N,R346N,0,0,1,1
R,346,P,R346P,0,0,0,1
R,346,Q,R346Q,0,0,1,1
R,346,S,R346S,0,1,1,1
R,346,T,R346T,0,1,1,1
R,346,V,R346V,0,0,0,1
R,346,W,R346W,0,0,0,1
R,346,Y,R346Y,0,0,0,1
F,347,A,F347A,0,0,0,0
F,347,C,F347C,0,0,0,0
F,347,D,F347D,0,0,0,0
F,347,E,F347E,0,0,0,0
F,347,G,F347G,0,0,0,0
F,347,H,F347H,0,0,0,0
F,347,I,F347I,0,0,0,0
F,347,K,F347K,0,0,0,0
F,347,L,F347L,0,0,0,0
F,347,M,F347M,0,0,0,1
F,347,N,F347N,0,0,0,0
F,347,P,F347P,0,0,0,0
F,347,Q,F347Q,0,0,0,0
F,347,R,F347R,0,0,0,0
F,347,S,F347S,0,0,0,0
F,347,T,F347T,0,0,0,0
F,347,V,F347V,0,0,0,0
F,347,W,F347W,0,0,0,1
F,347,Y,F347Y,0,0,0,1
A,348,C,A348C,0,0,0,1
A,348,D,A348D,0,0,0,1
A,348,E,A348E,0,0,0,1
A,348,F,A348F,0,0,0,1
A,348,G,A348G,0,0,0,1
A,348,H,A348H,0,0,0,1
A,348,I,A348I,0,0,0,0
A,348,K,A348K,0,0,0,1
A,348,L,A348L,0,0,0,1
A,348,M,A348M,0,0,0,1
A,348,N,A348N,0,0,0,1
A,348,P,A348P,0,1,1,1
A,348,Q,A348Q,0,0,0,1
A,348,R,A348R,0,0,0,1
A,348,S,A348S,0,1,0,1
A,348,T,A348T,0,1,0,1
A,348,V,A348V,0,1,0,1
A,348,W,A348W,0,0,0,1
A,348,Y,A348Y,0,0,0,1
S,349,A,S349A,0,0,0,1
S,349,C,S349C,0,0,0,1
S,349,D,S349D,0,0,0,0
S,349,E,S349E,0,0,0,0
S,349,F,S349F,0,0,0,0
S,349,G,S349G,0,0,0,1
S,349,H,S349H,0,0,0,1
S,349,I,S349I,0,0,0,0
S,349,K,S349K,0,0,0,0
S,349,L,S349L,0,0,0,0
S,349,M,S349M,0,0,0,0
S,349,N,S349N,0,0,0,1
S,349,P,S349P,0,1,1,1
S,349,Q,S349Q,0,0,0,0
S,349,R,S349R,0,0,0,0
S,349,T,S349T,0,0,0,0
S,349,V,S349V,0,0,0,0
S,349,W,S349W,0,0,0,0
S,349,Y,S349Y,0,0,0,0
V,350,A,V350A,0,0,0,1
V,350,C,V350C,0,0,0,0
V,350,D,V350D,0,0,0,0
V,350,E,V350E,0,0,0,0
V,350,F,V350F,0,0,0,0
V,350,G,V350G,0,0,0,0
V,350,H,V350H,0,0,0,0
V,350,I,V350I,0,0,0,1
V,350,K,V350K,0,0,0,0
V,350,L,V350L,0,0,0,0
V,350,M,V350M,0,0,0,0
V,350,N,V350N,0,0,0,0
V,350,P,V350P,0,0,0,1
V,350,Q,V350Q,0,0,0,0
V,350,R,V350R,0,0,0,0
V,350,S,V350S,0,0,0,0
V,350,T,V350T,0,0,0,0
V,350,W,V350W,0,0,0,0
V,350,Y,V350Y,0,0,0,0
Y,351,A,Y351A,0,0,0,1
Y,351,C,Y351C,0,0,0,1
Y,351,D,Y351D,0,0,0,0
Y,351,E,Y351E,0,0,0,0
Y,351,F,Y351F,0,1,0,1
Y,351,G,Y351G,0,0,0,0
Y,351,H,Y351H,0,1,0,1
Y,351,I,Y351I,0,0,0,0
Y,351,K,Y351K,0,0,0,0
Y,351,L,Y351L,0,0,0,0
Y,351,M,Y351M,0,0,0,1
Y,351,N,Y351N,0,0,0,1
Y,351,P,Y351P,0,0,0,0
Y,351,Q,Y351Q,0,0,0,0
Y,351,R,Y351R,0,0,0,0
Y,351,S,Y351S,0,0,0,1
Y,351,T,Y351T,0,0,0,1
Y,351,V,Y351V,0,0,0,1
Y,351,W,Y351W,0,0,0,1
A,352,C,A352C,0,0,0,1
A,352,D,A352D,0,0,0,1
A,352,E,A352E,0,0,0,1
A,352,F,A352F,0,0,0,1
A,352,G,A352G,0,0,0,1
A,352,H,A352H,0,0,0,1
A,352,I,A352I,0,0,0,1
A,352,K,A352K,0,0,0,1
A,352,L,A352L,0,0,0,1
A,352,M,A352M,0,0,0,1
A,352,N,A352N,0,0,0,1
A,352,P,A352P,0,0,0,0
A,352,Q,A352Q,0,0,0,1
A,352,R,A352R,0,0,0,1
A,352,S,A352S,0,1,0,1
A,352,T,A352T,0,1,0,1
A,352,V,A352V,0,1,0,1
A,352,W,A352W,0,0,0,1
A,352,Y,A352Y,0,0,0,1
W,353,A,W353A,0,0,0,0
W,353,C,W353C,0,0,0,0
W,353,D,W353D,0,0,0,0
W,353,E,W353E,0,0,0,0
W,353,F,W353F,0,0,0,1
W,353,G,W353G,0,0,0,0
W,353,H,W353H,0,0,0,0
W,353,I,W353I,0,0,0,0
W,353,K,W353K,0,0,0,0
W,353,L,W353L,0,0,0,0
W,353,M,W353M,0,0,0,0
W,353,N,W353N,0,0,0,0
W,353,P,W353P,0,0,0,0
W,353,Q,W353Q,0,0,0,0
W,353,R,W353R,0,0,0,0
W,353,S,W353S,0,0,0,0
W,353,T,W353T,0,0,0,0
W,353,V,W353V,0,0,0,0
W,353,Y,W353Y,0,0,0,1
N,354,A,N354A,0,0,0,1
N,354,C,N354C,0,0,0,1
N,354,D,N354D,0,1,0,1
N,354,E,N354E,0,0,1,1
N,354,F,N354F,0,0,0,1
N,354,G,N354G,0,0,1,1
N,354,H,N354H,0,1,0,1
N,354,I,N354I,0,0,0,1
N,354,K,N354K,0,1,0,1
N,354,L,N354L,0,0,0,1
N,354,M,N354M,0,0,0,1
N,354,P,N354P,0,0,0,0
N,354,Q,N354Q,0,0,0,1
N,354,R,N354R,0,0,0,1
N,354,S,N354S,0,1,0,1
N,354,T,N354T,0,1,1,1
N,354,V,N354V,0,0,0,1
N,354,W,N354W,0,0,0,0
N,354,Y,N354Y,0,0,0,1
R,355,A,R355A,0,0,0,0
R,355,C,R355C,0,0,0,0
R,355,D,R355D,0,0,0,0
R,355,E,R355E,0,0,0,0
R,355,F,R355F,0,0,0,0
R,355,G,R355G,0,0,0,0
R,355,H,R355H,0,0,0,1
R,355,I,R355I,0,0,0,0
R,355,K,R355K,0,0,0,0
R,355,L,R355L,0,0,0,0
R,355,M,R355M,0,0,0,0
R,355,N,R355N,0,0,0,0
R,355,P,R355P,0,0,0,0
R,355,Q,R355Q,0,0,0,0
R,355,S,R355S,0,1,0,0
R,355,T,R355T,0,0,0,0
R,355,V,R355V,0,0,0,0
R,355,W,R355W,0,0,0,0
R,355,Y,R355Y,0,0,0,0
K,356,A,K356A,0,0,0,1
K,356,C,K356C,0,0,0,1
K,356,D,K356D,0,0,0,0
K,356,E,K356E,0,1,1,1
K,356,F,K356F,0,0,0,1
K,356,G,K356G,0,0,0,0
K,356,H,K356H,0,0,0,1
K,356,I,K356I,0,0,0,1
K,356,L,K356L,0,0,1,1
K,356,M,K356M,0,1,1,1
K,356,N,K356N,0,1,0,1
K,356,P,K356P,0,0,0,0
K,356,Q,K356Q,0,1,0,1
K,356,R,K356R,0,1,1,1
K,356,S,K356S,0,0,0,1
K,356,T,K356T,0,1,0,1
K,356,V,K356V,0,0,1,1
K,356,W,K356W,0,0,0,1
K,356,Y,K356Y,0,0,0,1
R,357,A,R357A,0,0,0,1
R,357,C,R357C,0,0,0,1
R,357,D,R357D,0,0,0,1
R,357,E,R357E,0,0,0,1
R,357,F,R357F,0,0,0,1
R,357,G,R357G,0,0,0,1
R,357,H,R357H,0,0,0,1
R,357,I,R357I,0,1,0,1
R,357,K,R357K,0,1,1,1
R,357,L,R357L,0,0,0,1
R,357,M,R357M,0,0,0,1
R,357,N,R357N,0,0,0,1
R,357,P,R357P,0,0,0,1
R,357,Q,R357Q,0,0,0,1
R,357,S,R357S,0,0,1,1
R,357,T,R357T,0,0,0,1
R,357,V,R357V,0,0,0,1
R,357,W,R357W,0,0,0,1
R,357,Y,R357Y,0,0,0,1
I,358,A,I358A,0,0,0,0
I,358,C,I358C,0,0,0,1
I,358,D,I358D,0,0,0,0
I,358,E,I358E,0,0,0,0
I,358,F,I358F,0,0,0,1
I,358,G,I358G,0,0,0,0
I,358,H,I358H,0,0,0,0
I,358,K,I358K,0,0,0,0
I,358,L,I358L,0,1,0,1
I,358,M,I358M,0,0,0,1
I,358,N,I358N,0,0,0,0
I,358,P,I358P,0,0,0,0
I,358,Q,I358Q,0,0,0,0
I,358,R,I358R,0,0,0,0
I,358,S,I358S,0,0,0,0
I,358,T,I358T,0,0,0,0
I,358,V,I358V,0,1,0,1
I,358,W,I358W,0,0,0,1
I,358,Y,I358Y,0,0,0,1
S,359,A,S359A,0,0,0,1
S,359,C,S359C,0,0,0,1
S,359,D,S359D,0,0,0,1
S,359,E,S359E,0,0,0,1
S,359,F,S359F,0,0,0,1
S,359,G,S359G,0,1,0,1
S,359,H,S359H,0,0,0,1
S,359,I,S359I,0,1,0,1
S,359,K,S359K,0,0,0,1
S,359,L,S359L,0,0,0,1
S,359,M,S359M,0,0,0,1
S,359,N,S359N,0,1,0,1
S,359,P,S359P,0,0,0,1
S,359,Q,S359Q,0,0,0,1
S,359,R,S359R,0,1,1,1
S,359,T,S359T,0,1,1,1
S,359,V,S359V,0,0,0,1
S,359,W,S359W,0,0,0,1
S,359,Y,S359Y,0,0,0,1
N,360,A,N360A,0,0,0,1
N,360,C,N360C,0,0,0,1
N,360,D,N360D,0,0,1,1
N,360,E,N360E,0,0,0,1
N,360,F,N360F,0,0,0,1
N,360,G,N360G,0,0,0,1
N,360,H,N360H,0,0,0,1
N,360,I,N360I,0,0,0,0
N,360,K,N360K,0,0,0,1
N,360,L,N360L,0,0,0,1
N,360,M,N360M,0,0,0,1
N,360,P,N360P,0,0,0,1
N,360,Q,N360Q,0,0,0,1
N,360,R,N360R,0,0,0,1
N,360,S,N360S,0,1,0,1
N,360,T,N360T,0,0,0,1
N,360,V,N360V,0,0,0,0
N,360,W,N360W,0,0,0,1
N,360,Y,N360Y,0,1,0,1
C,361,A,C361A,0,0,0,1
C,361,D,C361D,0,0,0,1
C,361,E,C361E,0,0,0,0
C,361,F,C361F,0,0,0,1
C,361,G,C361G,0,0,0,1
C,361,H,C361H,0,0,0,0
C,361,I,C361I,0,0,0,0
C,361,K,C361K,0,0,0,0
C,361,L,C361L,0,0,0,1
C,361,M,C361M,0,0,0,0
C,361,N,C361N,0,0,0,1
C,361,P,C361P,0,0,0,1
C,361,Q,C361Q,0,0,0,0
C,361,R,C361R,0,0,0,0
C,361,S,C361S,0,0,0,0
C,361,T,C361T,0,1,0,0
C,361,V,C361V,0,0,0,0
C,361,W,C361W,0,0,0,0
C,361,Y,C361Y,0,0,0,0
V,362,A,V362A,0,0,0,1
V,362,C,V362C,0,0,0,1
V,362,D,V362D,0,0,0,1
V,362,E,V362E,0,0,0,1
V,362,F,V362F,0,1,0,1
V,362,G,V362G,0,0,0,1
V,362,H,V362H,0,0,0,1
V,362,I,V362I,0,1,1,1
V,362,K,V362K,0,0,0,1
V,362,L,V362L,0,1,0,1
V,362,M,V362M,0,0,0,1
V,362,N,V362N,0,0,0,1
V,362,P,V362P,0,0,0,0
V,362,Q,V362Q,0,0,0,1
V,362,R,V362R,0,0,0,1
V,362,S,V362S,0,0,0,1
V,362,T,V362T,0,0,0,1
V,362,W,V362W,0,0,0,1
V,362,Y,V362Y,0,0,0,1
A,363,C,A363C,0,0,0,1
A,363,D,A363D,0,0,0,0
A,363,E,A363E,0,0,0,1
A,363,F,A363F,0,0,0,1
A,363,G,A363G,0,0,0,1
A,363,H,A363H,0,0,0,1
A,363,I,A363I,0,0,0,1
A,363,K,A363K,0,0,0,1
A,363,L,A363L,0,0,0,1
A,363,M,A363M,0,0,0,1
A,363,N,A363N,0,0,0,1
A,363,P,A363P,0,0,0,1
A,363,Q,A363Q,0,0,0,1
A,363,R,A363R,0,0,0,0
A,363,S,A363S,0,1,1,1
A,363,T,A363T,0,0,0,1
A,363,V,A363V,0,1,0,1
A,363,W,A363W,0,0,0,1
A,363,Y,A363Y,0,0,0,1
D,364,A,D364A,0,0,0,1
D,364,C,D364C,0,0,0,1
D,364,E,D364E,0,0,0,1
D,364,F,D364F,0,0,0,0
D,364,G,D364G,0,0,0,1
D,364,H,D364H,0,0,0,1
D,364,I,D364I,0,0,0,0
D,364,K,D364K,0,0,0,0
D,364,L,D364L,0,0,0,0
D,364,M,D364M,0,0,0,0
D,364,N,D364N,0,1,1,1
D,364,P,D364P,0,0,0,1
D,364,Q,D364Q,0,0,0,1
D,364,R,D364R,0,0,0,1
D,364,S,D364S,0,0,0,1
D,364,T,D364T,0,0,0,1
D,364,V,D364V,0,0,0,0
D,364,W,D364W,0,0,0,1
D,364,Y,D364Y,0,0,0,0
Y,365,A,Y365A,0,0,0,1
Y,365,C,Y365C,0,0,0,1
Y,365,D,Y365D,0,0,0,1
Y,365,E,Y365E,0,0,0,1
Y,365,F,Y365F,0,0,0,1
Y,365,G,Y365G,0,0,0,1
Y,365,H,Y365H,0,0,0,1
Y,365,I,Y365I,0,0,0,1
Y,365,K,Y365K,0,0,0,1
Y,365,L,Y365L,0,0,0,1
Y,365,M,Y365M,0,0,0,1
Y,365,N,Y365N,0,0,0,1
Y,365,P,Y365P,0,0,0,1
Y,365,Q,Y365Q,0,0,0,1
Y,365,R,Y365R,0,0,0,1
Y,365,S,Y365S,0,0,0,1
Y,365,T,Y365T,0,0,0,1
Y,365,V,Y365V,0,0,0,1
Y,365,W,Y365W,0,0,0,1
S,366,A,S366A,0,0,1,1
S,366,C,S366C,0,0,0,1
S,366,D,S366D,0,0,0,1
S,366,E,S366E,0,0,0,1
S,366,F,S366F,0,0,1,1
S,366,G,S366G,0,0,0,1
S,366,H,S366H,0,0,0,1
S,366,I,S366I,0,0,0,1
S,366,K,S366K,0,0,0,1
S,366,L,S366L,0,0,0,1
S,366,M,S366M,0,0,0,1
S,366,N,S366N,0,0,0,1
S,366,P,S366P,0,0,0,1
S,366,Q,S366Q,0,0,0,1
S,366,R,S366R,0,0,0,1
S,366,T,S366T,0,0,1,1
S,366,V,S366V,0,0,0,1
S,366,W,S366W,0,0,0,1
S,366,Y,S366Y,0,0,0,1
V,367,A,V367A,0,1,0,1
V,367,C,V367C,0,0,0,1
V,367,D,V367D,0,0,0,1
V,367,E,V367E,0,0,0,1
V,367,F,V367F,0,1,0,1
V,367,G,V367G,0,0,0,1
V,367,H,V367H,0,0,0,1
V,367,I,V367I,0,1,1,1
V,367,K,V367K,0,0,0,1
V,367,L,V367L,0,1,0,1
V,367,M,V367M,0,0,0,1
V,367,N,V367N,0,0,0,1
V,367,P,V367P,0,0,0,1
V,367,Q,V367Q,0,0,0,1
V,367,R,V367R,0,0,0,1
V,367,S,V367S,0,0,0,1
V,367,T,V367T,0,0,0,1
V,367,W,V367W,0,0,0,1
V,367,Y,V367Y,0,0,0,1
L,368,A,L368A,0,0,0,0
L,368,C,L368C,0,0,0,0
L,368,D,L368D,0,0,0,0
L,368,E,L368E,0,0,0,0
L,368,F,L368F,0,0,0,1
L,368,G,L368G,0,0,0,0
L,368,H,L368H,0,0,0,0
L,368,I,L368I,0,1,0,1
L,368,K,L368K,0,0,0,0
L,368,M,L368M,0,0,0,1
L,368,N,L368N,0,0,0,0
L,368,P,L368P,0,0,0,0
L,368,Q,L368Q,0,0,0,0
L,368,R,L368R,0,0,0,0
L,368,S,L368S,0,0,0,0
L,368,T,L368T,0,0,0,0
L,368,V,L368V,0,0,0,1
L,368,W,L368W,0,0,0,1
L,368,Y,L368Y,0,0,0,1
Y,369,A,Y369A,0,0,0,1
Y,369,C,Y369C,0,1,0,1
Y,369,D,Y369D,0,0,0,1
Y,369,E,Y369E,0,0,0,1
Y,369,F,Y369F,0,1,0,1
Y,369,G,Y369G,0,0,0,1
Y,369,H,Y369H,0,1,0,1
Y,369,I,Y369I,0,0,0,1
Y,369,K,Y369K,0,0,0,1
Y,369,L,Y369L,0,0,0,1
Y,369,M,Y369M,0,0,0,1
Y,369,N,Y369N,0,0,0,1
Y,369,P,Y369P,0,0,0,1
Y,369,Q,Y369Q,0,0,0,1
Y,369,R,Y369R,0,0,0,1
Y,369,S,Y369S,0,0,0,1
Y,369,T,Y369T,0,0,0,1
Y,369,V,Y369V,0,0,0,1
Y,369,W,Y369W,0,0,0,1
N,370,A,N370A,0,0,0,1
N,370,C,N370C,0,0,0,1
N,370,D,N370D,0,1,0,1
N,370,E,N370E,0,0,0,1
N,370,F,N370F,0,0,0,1
N,370,G,N370G,0,0,0,1
N,370,H,N370H,0,1,0,1
N,370,I,N370I,0,0,0,1
N,370,K,N370K,0,1,0,1
N,370,L,N370L,0,0,0,1
N,370,M,N370M,0,0,0,1
N,370,P,N370P,0,0,0,1
N,370,Q,N370Q,0,0,0,1
N,370,R,N370R,0,0,0,1
N,370,S,N370S,0,1,0,1
N,370,T,N370T,0,0,0,1
N,370,V,N370V,0,0,0,1
N,370,W,N370W,0,0,0,1
N,370,Y,N370Y,0,0,0,1
S,371,A,S371A,0,1,0,1
S,371,C,S371C,0,0,0,1
S,371,D,S371D,0,0,0,1
S,371,E,S371E,0,0,0,1
S,371,F,S371F,0,1,0,1
S,371,G,S371G,0,0,0,1
S,371,H,S371H,0,0,0,1
S,371,I,S371I,0,0,0,1
S,371,K,S371K,0,0,0,1
S,371,L,S371L,1,0,0,1
S,371,M,S371M,0,0,0,1
S,371,N,S371N,0,0,0,1
S,371,P,S371P,0,1,0,1
S,371,Q,S371Q,0,0,0,1
S,371,R,S371R,0,0,0,1
S,371,T,S371T,0,1,1,1
S,371,V,S371V,0,0,0,1
S,371,W,S371W,0,0,0,1
S,371,Y,S371Y,0,0,0,1
A,372,C,A372C,0,0,0,1
A,372,D,A372D,0,0,0,1
A,372,E,A372E,0,0,0,1
A,372,F,A372F,0,0,0,1
A,372,G,A372G,0,0,0,1
A,372,H,A372H,0,0,0,1
A,372,I,A372I,0,0,0,1
A,372,K,A372K,0,0,0,1
A,372,L,A372L,0,0,0,1
A,372,M,A372M,0,0,0,1
A,372,N,A372N,0,0,0,1
A,372,P,A372P,0,1,0,1
A,372,Q,A372Q,0,0,0,1
A,372,R,A372R,0,0,0,1
A,372,S,A372S,0,1,1,1
A,372,T,A372T,0,1,1,1
A,372,V,A372V,0,1,0,1
A,372,W,A372W,0,0,0,1
A,372,Y,A372Y,0,0,0,1
S,373,A,S373A,0,1,0,1
S,373,C,S373C,0,0,0,1
S,373,D,S373D,0,0,0,1
S,373,E,S373E,0,0,0,1
S,373,F,S373F,0,0,1,1
S,373,G,S373G,0,0,0,1
S,373,H,S373H,0,0,0,1
S,373,I,S373I,0,0,0,1
S,373,K,S373K,0,0,0,1
S,373,L,S373L,0,1,0,1
S,373,M,S373M,0,0,0,1
S,373,N,S373N,0,0,0,1
S,373,P,S373P,1,1,0,1
S,373,Q,S373Q,0,0,0,1
S,373,R,S373R,0,0,0,1
S,373,T,S373T,0,0,0,1
S,373,V,S373V,0,0,0,1
S,373,W,S373W,0,0,0,1
S,373,Y,S373Y,0,0,0,1
F,374,A,F374A,0,0,0,1
F,374,C,F374C,0,0,0,0
F,374,D,F374D,0,0,0,1
F,374,E,F374E,0,0,0,1
F,374,G,F374G,0,0,0,1
F,374,H,F374H,0,0,0,1
F,374,I,F374I,0,0,0,1
F,374,K,F374K,0,0,0,1
F,374,L,F374L,0,1,0,1
F,374,M,F374M,0,0,0,1
F,374,N,F374N,0,0,0,0
F,374,P,F374P,0,0,0,1
F,374,Q,F374Q,0,0,0,1
F,374,R,F374R,0,0,0,1
F,374,S,F374S,0,0,0,1
F,374,T,F374T,0,0,0,1
F,374,V,F374V,0,0,0,1
F,374,W,F374W,0,0,0,1
F,374,Y,F374Y,0,0,0,1
S,375,A,S375A,0,1,0,1
S,375,C,S375C,0,0,0,1
S,375,D,S375D,0,0,0,1
S,375,E,S375E,0,0,0,1
S,375,F,S375F,0,1,0,1
S,375,G,S375G,0,0,0,1
S,375,H,S375H,0,0,0,1
S,375,I,S375I,0,0,0,0
S,375,K,S375K,0,0,0,1
S,375,L,S375L,0,0,0,1
S,375,M,S375M,0,0,0,1
S,375,N,S375N,0,0,0,1
S,375,P,S375P,1,1,0,1
S,375,Q,S375Q,0,0,0,1
S,375,R,S375R,0,0,0,1
S,375,T,S375T,0,1,0,1
S,375,V,S375V,0,0,0,1
S,375,W,S375W,0,0,0,1
S,375,Y,S375Y,0,0,0,1
T,376,A,T376A,0,0,0,1
T,376,C,T376C,0,0,0,1
T,376,D,T376D,0,0,0,1
T,376,E,T376E,0,0,0,1
T,376,F,T376F,0,0,0,1
T,376,G,T376G,0,0,0,0
T,376,H,T376H,0,0,0,1
T,376,I,T376I,0,1,0,1
T,376,K,T376K,0,0,0,1
T,376,L,T376L,0,0,0,1
T,376,M,T376M,0,0,0,1
T,376,N,T376N,0,1,0,1
T,376,P,T376P,0,0,0,0
T,376,Q,T376Q,0,0,0,1
T,376,R,T376R,0,0,0,1
T,376,S,T376S,0,1,0,1
T,376,V,T376V,0,0,0,1
T,376,W,T376W,0,0,0,1
T,376,Y,T376Y,0,0,0,1
F,377,A,F377A,0,0,0,0
F,377,C,F377C,0,0,0,1
F,377,D,F377D,0,0,0,0
F,377,E,F377E,0,0,0,0
F,377,G,F377G,0,0,0,0
F,377,H,F377H,0,0,0,0
F,377,I,F377I,0,0,0,1
F,377,K,F377K,0,0,0,0
F,377,L,F377L,0,1,0,1
F,377,M,F377M,0,0,0,1
F,377,N,F377N,0,0,0,0
F,377,P,F377P,0,0,0,0
F,377,Q,F377Q,0,0,0,0
F,377,R,F377R,0,0,0,0
F,377,S,F377S,0,0,0,0
F,377,T,F377T,0,0,0,1
F,377,V,F377V,0,0,0,1
F,377,W,F377W,0,0,0,1
F,377,Y,F377Y,0,0,0,1
K,378,A,K378A,0,0,0,1
K,378,C,K378C,0,0,0,1
K,378,D,K378D,0,0,0,1
K,378,E,K378E,0,0,1,1
K,378,F,K378F,0,0,0,1
K,378,G,K378G,0,0,0,0
K,378,H,K378H,0,0,0,1
K,378,I,K378I,0,0,0,1
K,378,L,K378L,0,0,0,1
K,378,M,K378M,0,1,0,1
K,378,N,K378N,0,1,0,1
K,378,P,K378P,0,0,0,0
K,378,Q,K378Q,0,0,1,1
K,378,R,K378R,0,1,1,1
K,378,S,K378S,0,0,0,1
K,378,T,K378T,0,0,0,1
K,378,V,K378V,0,0,0,1
K,378,W,K378W,0,0,0,1
K,378,Y,K378Y,0,0,0,1
C,379,A,C379A,0,0,0,0
C,379,D,C379D,0,0,0,0
C,379,E,C379E,0,0,0,0
C,379,F,C379F,0,0,0,0
C,379,G,C379G,0,0,0,0
C,379,H,C379H,0,0,0,0
C,379,I,C379I,0,0,0,0
C,379,K,C379K,0,0,0,0
C,379,L,C379L,0,0,0,0
C,379,M,C379M,0,0,0,0
C,379,N,C379N,0,0,0,0
C,379,P,C379P,0,0,0,0
C,379,Q,C379Q,0,0,0,0
C,379,R,C379R,0,0,0,0
C,379,S,C379S,0,0,0,0
C,379,T,C379T,0,0,0,0
C,379,V,C379V,0,0,0,0
C,379,W,C379W,0,0,0,1
C,379,Y,C379Y,0,0,0,0
Y,380,A,Y380A,0,0,0,0
Y,380,C,Y380C,0,0,0,0
Y,380,D,Y380D,0,0,0,0
Y,380,E,Y380E,0,0,0,0
Y,380,F,Y380F,0,1,0,1
Y,380,G,Y380G,0,0,0,0
Y,380,H,Y380H,0,0,0,1
Y,380,I,Y380I,0,0,0,0
Y,380,K,Y380K,0,0,0,0
Y,380,L,Y380L,0,0,0,0
Y,380,M,Y380M,0,0,0,0
Y,380,N,Y380N,0,0,0,0
Y,380,P,Y380P,0,0,0,0
Y,380,Q,Y380Q,0,0,0,0
Y,380,R,Y380R,0,0,0,0
Y,380,S,Y380S,0,0,0,0
Y,380,T,Y380T,0,0,0,0
Y,380,V,Y380V,0,0,0,0
Y,380,W,Y380W,0,0,0,1
G,381,A,G381A,0,0,0,1
G,381,C,G381C,0,0,0,0
G,381,D,G381D,0,0,0,1
G,381,E,G381E,0,0,0,1
G,381,F,G381F,0,0,0,0
G,381,H,G381H,0,0,0,1
G,381,I,G381I,0,0,0,0
G,381,K,G381K,0,0,0,1
G,381,L,G381L,0,0,0,0
G,381,M,G381M,0,0,0,1
G,381,N,G381N,0,0,0,1
G,381,P,G381P,0,0,0,0
G,381,Q,G381Q,0,0,0,1
G,381,R,G381R,0,1,0,1
G,381,S,G381S,0,0,0,1
G,381,T,G381T,0,0,0,1
G,381,V,G381V,0,0,0,0
G,381,W,G381W,0,0,0,0
G,381,Y,G381Y,0,0,0,0
V,382,A,V382A,0,0,0,1
V,382,C,V382C,0,0,0,1
V,382,D,V382D,0,0,0,0
V,382,E,V382E,0,0,0,0
V,382,F,V382F,0,0,0,1
V,382,G,V382G,0,0,0,0
V,382,H,V382H,0,0,0,1
V,382,I,V382I,0,0,0,1
V,382,K,V382K,0,0,0,0
V,382,L,V382L,0,1,0,1
V,382,M,V382M,0,0,0,1
V,382,N,V382N,0,0,0,1
V,382,P,V382P,0,0,0,1
V,382,Q,V382Q,0,0,0,1
V,382,R,V382R,0,0,0,0
V,382,S,V382S,0,0,0,1
V,382,T,V382T,0,0,0,1
V,382,W,V382W,0,0,0,1
V,382,Y,V382Y,0,0,0,1
S,383,A,S383A,0,0,0,1
S,383,C,S383C,0,0,0,1
S,383,D,S383D,0,0,0,1
S,383,E,S383E,0,0,0,1
S,383,F,S383F,0,1,0,1
S,383,G,S383G,0,0,0,1
S,383,H,S383H,0,0,0,1
S,383,I,S383I,0,0,0,1
S,383,K,S383K,0,0,0,1
S,383,L,S383L,0,0,0,1
S,383,M,S383M,0,0,0,1
S,383,N,S383N,0,0,0,1
S,383,P,S383P,0,0,0,1
S,383,Q,S383Q,0,0,0,1
S,383,R,S383R,0,0,0,1
S,383,T,S383T,0,0,0,1
S,383,V,S383V,0,0,0,1
S,383,W,S383W,0,0,0,1
S,383,Y,S383Y,0,0,0,1
P,384,A,P384A,0,1,1,1
P,384,C,P384C,0,0,0,1
P,384,D,P384D,0,0,0,1
P,384,E,P384E,0,0,0,1
P,384,F,P384F,0,0,0,1
P,384,G,P384G,0,0,0,1
P,384,H,P384H,0,1,0,1
P,384,I,P384I,0,0,0,1
P,384,K,P384K,0,0,0,1
P,384,L,P384L,0,1,0,1
P,384,M,P384M,0,0,0,1
P,384,N,P384N,0,0,0,1
P,384,Q,P384Q,0,0,0,1
P,384,R,P384R,0,1,0,1
P,384,S,P384S,0,1,1,1
P,384,T,P384T,0,0,0,1
P,384,V,P384V,0,0,0,1
P,384,W,P384W,0,0,0,1
P,384,Y,P384Y,0,0,0,1
T,385,A,T385A,0,1,0,1
T,385,C,T385C,0,0,0,1
T,385,D,T385D,0,0,0,1
T,385,E,T385E,0,0,0,1
T,385,F,T385F,0,0,0,1
T,385,G,T385G,0,0,0,1
T,385,H,T385H,0,0,0,1
T,385,I,T385I,0,1,1,1
T,385,K,T385K,0,0,0,1
T,385,L,T385L,0,0,0,1
T,385,M,T385M,0,0,0,1
T,385,N,T385N,0,1,0,1
T,385,P,T385P,0,0,0,1
T,385,Q,T385Q,0,0,0,1
T,385,R,T385R,0,0,0,1
T,385,S,T385S,0,0,0,1
T,385,V,T385V,0,0,0,1
T,385,W,T385W,0,0,0,1
T,385,Y,T385Y,0,0,0,1
K,386,A,K386A,0,0,0,1
K,386,C,K386C,0,0,0,1
K,386,D,K386D,0,0,0,1
K,386,E,K386E,0,0,0,1
K,386,F,K386F,0,0,0,1
K,386,G,K386G,0,0,0,1
K,386,H,K386H,0,0,0,1
K,386,I,K386I,0,0,0,1
K,386,L,K386L,0,0,0,1
K,386,M,K386M,0,0,0,1
K,386,N,K386N,0,0,0,1
K,386,P,K386P,0,0,0,1
K,386,Q,K386Q,0,0,0,1
K,386,R,K386R,0,0,0,1
K,386,S,K386S,0,0,0,1
K,386,T,K386T,0,0,0,1
K,386,V,K386V,0,0,0,1
K,386,W,K386W,0,0,0,1
K,386,Y,K386Y,0,0,0,1
L,387,A,L387A,0,0,0,1
L,387,C,L387C,0,0,0,0
L,387,D,L387D,0,0,0,1
L,387,E,L387E,0,0,0,1
L,387,F,L387F,0,0,0,1
L,387,G,L387G,0,0,0,1
L,387,H,L387H,0,0,0,1
L,387,I,L387I,0,0,0,1
L,387,K,L387K,0,0,0,1
L,387,M,L387M,0,0,0,1
L,387,N,L387N,0,0,0,1
L,387,P,L387P,0,0,0,0
L,387,Q,L387Q,0,0,0,1
L,387,R,L387R,0,0,0,0
L,387,S,L387S,0,0,0,1
L,387,T,L387T,0,0,0,1
L,387,V,L387V,0,0,0,1
L,387,W,L387W,0,0,0,1
L,387,Y,L387Y,0,0,0,1
N,388,A,N388A,0,0,0,1
N,388,C,N388C,0,0,0,1
N,388,D,N388D,0,1,0,1
N,388,E,N388E,0,0,0,1
N,388,F,N388F,0,0,0,1
N,388,G,N388G,0,0,0,1
N,388,H,N388H,0,0,0,1
N,388,I,N388I,0,0,0,1
N,388,K,N388K,0,0,0,1
N,388,L,N388L,0,0,0,1
N,388,M,N388M,0,0,0,1
N,388,P,N388P,0,0,0,1
N,388,Q,N388Q,0,0,0,1
N,388,R,N388R,0,0,0,1
N,388,S,N388S,0,1,0,1
N,388,T,N388T,0,0,0,1
N,388,V,N388V,0,0,0,1
N,388,W,N388W,0,0,0,1
N,388,Y,N388Y,0,0,0,1
D,389,A,D389A,0,0,0,1
D,389,C,D389C,0,0,0,1
D,389,E,D389E,0,1,0,1
D,389,F,D389F,0,0,0,1
D,389,G,D389G,0,1,0,1
D,389,H,D389H,0,0,0,1
D,389,I,D389I,0,0,0,1
D,389,K,D389K,0,0,0,1
D,389,L,D389L,0,0,0,1
D,389,M,D389M,0,0,0,1
D,389,N,D389N,0,1,0,1
D,389,P,D389P,0,0,0,1
D,389,Q,D389Q,0,0,0,1
D,389,R,D389R,0,0,0,1
D,389,S,D389S,0,0,0,1
D,389,T,D389T,0,0,0,1
D,389,V,D389V,0,0,0,1
D,389,W,D389W,0,0,0,1
D,389,Y,D389Y,0,0,0,1
L,390,A,L390A,0,0,0,1
L,390,C,L390C,0,0,0,1
L,390,D,L390D,0,0,0,1
L,390,E,L390E,0,0,0,1
L,390,F,L390F,0,1,0,1
L,390,G,L390G,0,0,0,1
L,390,H,L390H,0,0,0,1
L,390,I,L390I,0,0,0,1
L,390,K,L390K,0,0,0,1
L,390,M,L390M,0,0,0,1
L,390,N,L390N,0,0,0,1
L,390,P,L390P,0,0,0,1
L,390,Q,L390Q,0,0,0,1
L,390,R,L390R,0,0,0,1
L,390,S,L390S,0,0,0,1
L,390,T,L390T,0,0,0,1
L,390,V,L390V,0,0,0,1
L,390,W,L390W,0,0,0,1
L,390,Y,L390Y,0,0,0,1
C,391,A,C391A,0,0,0,1
C,391,D,C391D,0,0,0,1
C,391,E,C391E,0,0,0,1
C,391,F,C391F,0,0,0,1
C,391,G,C391G,0,0,0,1
C,391,H,C391H,0,0,0,1
C,391,I,C391I,0,0,0,1
C,391,K,C391K,0,0,0,1
C,391,L,C391L,0,0,0,1
C,391,M,C391M,0,0,0,1
C,391,N,C391N,0,0,0,1
C,391,P,C391P,0,0,0,1
C,391,Q,C391Q,0,0,0,1
C,391,R,C391R,0,0,0,1
C,391,S,C391S,0,0,0,1
C,391,T,C391T,0,0,0,1
C,391,V,C391V,0,0,0,1
C,391,W,C391W,0,0,0,1
C,391,Y,C391Y,0,0,0,1
F,392,A,F392A,0,0,0,1
F,392,C,F392C,0,0,0,1
F,392,D,F392D,0,0,0,1
F,392,E,F392E,0,0,0,1
F,392,G,F392G,0,0,0,1
F,392,H,F392H,0,0,0,1
F,392,I,F392I,0,0,0,1
F,392,K,F392K,0,0,0,1
F,392,L,F392L,0,0,0,1
F,392,M,F392M,0,0,0,1
F,392,N,F392N,0,0,0,1
F,392,P,F392P,0,0,0,1
F,392,Q,F392Q,0,0,0,1
F,392,R,F392R,0,0,0,1
F,392,S,F392S,0,0,0,1
F,392,T,F392T,0,0,0,1
F,392,V,F392V,0,0,0,1
F,392,W,F392W,0,0,0,1
F,392,Y,F392Y,0,0,0,1
T,393,A,T393A,0,0,0,1
T,393,C,T393C,0,0,0,1
T,393,D,T393D,0,0,0,1
T,393,E,T393E,0,0,0,1
T,393,F,T393F,0,0,0,1
T,393,G,T393G,0,0,0,1
T,393,H,T393H,0,0,0,1
T,393,I,T393I,0,1,0,1
T,393,K,T393K,0,0,0,1
T,393,L,T393L,0,0,0,1
T,393,M,T393M,0,0,0,1
T,393,N,T393N,0,0,0,1
T,393,P,T393P,0,0,0,1
T,393,Q,T393Q,0,0,0,1
T,393,R,T393R,0,0,0,1
T,393,S,T393S,0,0,1,1
T,393,V,T393V,0,0,0,1
T,393,W,T393W,0,0,0,1
T,393,Y,T393Y,0,0,0,1
N,394,A,N394A,0,0,0,1
N,394,C,N394C,0,0,0,1
N,394,D,N394D,0,1,0,1
N,394,E,N394E,0,0,0,1
N,394,F,N394F,0,0,0,1
N,394,G,N394G,0,0,1,1
N,394,H,N394H,0,1,0,1
N,394,I,N394I,0,1,0,1
N,394,K,N394K,0,0,0,1
N,394,L,N394L,0,0,0,1
N,394,M,N394M,0,0,0,1
N,394,P,N394P,0,0,0,1
N,394,Q,N394Q,0,0,0,1
N,394,R,N394R,0,0,0,1
N,394,S,N394S,0,1,1,1
N,394,T,N394T,0,1,0,1
N,394,V,N394V,0,0,0,1
N,394,W,N394W,0,0,0,1
N,394,Y,N394Y,0,1,0,1
V,395,A,V395A,0,0,0,1
V,395,C,V395C,0,0,0,1
V,395,D,V395D,0,0,0,0
V,395,E,V395E,0,0,0,0
V,395,F,V395F,0,1,0,1
V,395,G,V395G,0,0,0,1
V,395,H,V395H,0,0,0,0
V,395,I,V395I,0,1,0,1
V,395,K,V395K,0,0,0,0
V,395,L,V395L,0,1,0,1
V,395,M,V395M,0,0,0,1
V,395,N,V395N,0,0,0,0
V,395,P,V395P,0,0,0,0
V,395,Q,V395Q,0,0,0,1
V,395,R,V395R,0,0,0,1
V,395,S,V395S,0,0,0,1
V,395,T,V395T,0,0,0,1
V,395,W,V395W,0,0,0,0
V,395,Y,V395Y,0,0,0,1
Y,396,A,Y396A,0,0,0,1
Y,396,C,Y396C,0,0,0,1
Y,396,D,Y396D,0,0,0,1
Y,396,E,Y396E,0,0,0,1
Y,396,F,Y396F,0,1,0,1
Y,396,G,Y396G,0,0,0,0
Y,396,H,Y396H,0,0,0,1
Y,396,I,Y396I,0,0,0,1
Y,396,K,Y396K,0,0,0,1
Y,396,L,Y396L,0,0,0,1
Y,396,M,Y396M,0,0,0,1
Y,396,N,Y396N,0,0,0,1
Y,396,P,Y396P,0,0,0,0
Y,396,Q,Y396Q,0,0,0,1
Y,396,R,Y396R,0,0,0,1
Y,396,S,Y396S,0,0,0,1
Y,396,T,Y396T,0,0,0,1
Y,396,V,Y396V,0,0,0,1
Y,396,W,Y396W,0,0,0,1
A,397,C,A397C,0,0,0,1
A,397,D,A397D,0,0,0,0
A,397,E,A397E,0,0,0,0
A,397,F,A397F,0,0,0,1
A,397,G,A397G,0,0,0,0
A,397,H,A397H,0,0,0,0
A,397,I,A397I,0,0,0,1
A,397,K,A397K,0,0,0,0
A,397,L,A397L,0,0,0,1
A,397,M,A397M,0,0,0,1
A,397,N,A397N,0,0,0,0
A,397,P,A397P,0,0,0,0
A,397,Q,A397Q,0,0,0,0
A,397,R,A397R,0,0,0,0
A,397,S,A397S,0,1,0,0
A,397,T,A397T,0,1,0,1
A,397,V,A397V,0,1,0,1
A,397,W,A397W,0,0,0,1
A,397,Y,A397Y,0,0,0,0
D,398,A,D398A,0,0,0,0
D,398,C,D398C,0,0,0,0
D,398,E,D398E,0,0,0,0
D,398,F,D398F,0,0,0,0
D,398,G,D398G,0,0,0,0
D,398,H,D398H,0,0,0,0
D,398,I,D398I,0,0,0,0
D,398,K,D398K,0,0,0,0
D,398,L,D398L,0,0,0,0
D,398,M,D398M,0,0,0,0
D,398,N,D398N,0,0,0,0
D,398,P,D398P,0,0,0,0
D,398,Q,D398Q,0,0,0,0
D,398,R,D398R,0,0,0,0
D,398,S,D398S,0,0,0,0
D,398,T,D398T,0,0,0,0
D,398,V,D398V,0,0,0,0
D,398,W,D398W,0,0,0,0
D,398,Y,D398Y,0,0,0,0
S,399,A,S399A,0,0,0,1
S,399,C,S399C,0,0,0,1
S,399,D,S399D,0,0,0,0
S,399,E,S399E,0,0,0,0
S,399,F,S399F,0,0,0,1
S,399,G,S399G,0,0,0,0
S,399,H,S399H,0,0,0,0
S,399,I,S399I,0,0,0,0
S,399,K,S399K,0,0,0,0
S,399,L,S399L,0,0,0,0
S,399,M,S399M,0,0,0,1
S,399,N,S399N,0,0,0,1
S,399,P,S399P,0,0,0,0
S,399,Q,S399Q,0,0,0,0
S,399,R,S399R,0,0,0,1
S,399,T,S399T,0,0,0,1
S,399,V,S399V,0,0,0,0
S,399,W,S399W,0,0,0,1
S,399,Y,S399Y,0,0,1,1
F,400,A,F400A,0,0,0,0
F,400,C,F400C,0,0,0,0
F,400,D,F400D,0,0,0,0
F,400,E,F400E,0,0,0,0
F,400,G,F400G,0,0,0,0
F,400,H,F400H,0,0,0,0
F,400,I,F400I,0,0,0,0
F,400,K,F400K,0,0,0,0
F,400,L,F400L,0,0,0,0
F,400,M,F400M,0,0,1,0
F,400,N,F400N,0,0,0,0
F,400,P,F400P,0,0,0,0
F,400,Q,F400Q,0,0,0,0
F,400,R,F400R,0,0,0,0
F,400,S,F400S,0,0,0,0
F,400,T,F400T,0,0,0,0
F,400,V,F400V,0,0,0,0
F,400,W,F400W,0,0,0,0
F,400,Y,F400Y,0,0,0,0
V,401,A,V401A,0,0,0,0
V,401,C,V401C,0,0,0,1
V,401,D,V401D,0,0,0,0
V,401,E,V401E,0,0,0,0
V,401,F,V401F,0,0,0,0
V,401,G,V401G,0,0,0,0
V,401,H,V401H,0,0,0,0
V,401,I,V401I,0,1,1,1
V,401,K,V401K,0,0,0,0
V,401,L,V401L,0,1,0,1
V,401,M,V401M,0,0,0,0
V,401,N,V401N,0,0,0,0
V,401,P,V401P,0,0,0,0
V,401,Q,V401Q,0,0,0,0
V,401,R,V401R,0,0,0,0
V,401,S,V401S,0,0,0,0
V,401,T,V401T,0,0,0,1
V,401,W,V401W,0,0,0,0
V,401,Y,V401Y,0,0,0,0
I,402,A,I402A,0,0,0,0
I,402,C,I402C,0,0,0,1
I,402,D,I402D,0,0,0,0
I,402,E,I402E,0,0,0,0
I,402,F,I402F,0,0,0,0
I,402,G,I402G,0,0,0,0
I,402,H,I402H,0,0,0,0
I,402,K,I402K,0,0,0,0
I,402,L,I402L,0,1,0,1
I,402,M,I402M,0,0,0,0
I,402,N,I402N,0,0,0,0
I,402,P,I402P,0,0,0,0
I,402,Q,I402Q,0,0,0,0
I,402,R,I402R,0,0,0,0
I,402,S,I402S,0,0,0,0
I,402,T,I402T,0,0,0,1
I,402,V,I402V,0,1,1,1
I,402,W,I402W,0,0,0,0
I,402,Y,I402Y,0,0,0,0
R,403,A,R403A,0,0,0,0
R,403,C,R403C,0,0,0,0
R,403,D,R403D,0,0,0,0
R,403,E,R403E,0,0,0,0
R,403,F,R403F,0,0,0,0
R,403,G,R403G,0,0,0,0
R,403,H,R403H,0,0,0,0
R,403,I,R403I,0,1,0,0
R,403,K,R403K,0,1,1,1
R,403,L,R403L,0,0,0,0
R,403,M,R403M,0,0,0,0
R,403,N,R403N,0,0,0,0
R,403,P,R403P,0,0,0,0
R,403,Q,R403Q,0,0,0,0
R,403,S,R403S,0,0,0,0
R,403,T,R403T,0,0,1,0
R,403,V,R403V,0,0,0,0
R,403,W,R403W,0,0,0,0
R,403,Y,R403Y,0,0,0,0
G,404,A,G404A,0,0,0,0
G,404,C,G404C,0,1,0,0
G,404,D,G404D,0,0,0,0
G,404,E,G404E,0,0,0,0
G,404,F,G404F,0,0,0,0
G,404,H,G404H,0,0,0,0
G,404,I,G404I,0,0,0,0
G,404,K,G404K,0,0,0,0
G,404,L,G404L,0,0,0,0
G,404,M,G404M,0,0,0,0
G,404,N,G404N,0,0,0,0
G,404,P,G404P,0,0,0,0
G,404,Q,G404Q,0,0,0,0
G,404,R,G404R,0,0,0,0
G,404,S,G404S,0,0,0,0
G,404,T,G404T,0,0,0,0
G,404,V,G404V,0,0,0,0
G,404,W,G404W,0,0,0,0
G,404,Y,G404Y,0,0,0,0
D,405,A,D405A,0,1,0,1
D,405,C,D405C,0,0,0,0
D,405,E,D405E,0,1,0,1
D,405,F,D405F,0,0,0,1
D,405,G,D405G,0,1,0,1
D,405,H,D405H,0,1,0,1
D,405,I,D405I,0,0,0,0
D,405,K,D405K,0,0,0,1
D,405,L,D405L,0,0,0,1
D,405,M,D405M,0,0,0,1
D,405,N,D405N,0,1,0,1
D,405,P,D405P,0,0,0,0
D,405,Q,D405Q,0,0,0,1
D,405,R,D405R,0,0,0,1
D,405,S,D405S,0,0,0,1
D,405,T,D405T,0,0,0,1
D,405,V,D405V,0,0,0,0
D,405,W,D405W,0,0,0,1
D,405,Y,D405Y,0,1,0,1
E,406,A,E406A,0,0,0,1
E,406,C,E406C,0,0,0,1
E,406,D,E406D,0,1,1,1
E,406,F,E406F,0,0,0,0
E,406,G,E406G,0,0,0,1
E,406,H,E406H,0,0,1,1
E,406,I,E406I,0,0,0,0
E,406,K,E406K,0,0,0,0
E,406,L,E406L,0,0,0,0
E,406,M,E406M,0,0,0,1
E,406,N,E406N,0,0,0,1
E,406,P,E406P,0,0,0,0
E,406,Q,E406Q,0,1,0,1
E,406,R,E406R,0,0,0,0
E,406,S,E406S,0,0,0,1
E,406,T,E406T,0,0,0,0
E,406,V,E406V,0,0,0,1
E,406,W,E406W,0,0,0,0
E,406,Y,E406Y,0,0,0,0
V,407,A,V407A,0,0,0,0
V,407,C,V407C,0,0,0,0
V,407,D,V407D,0,0,0,0
V,407,E,V407E,0,0,0,0
V,407,F,V407F,0,0,0,0
V,407,G,V407G,0,0,0,0
V,407,H,V407H,0,0,0,0
V,407,I,V407I,0,1,0,1
V,407,K,V407K,0,0,0,0
V,407,L,V407L,0,0,0,1
V,407,M,V407M,0,0,0,1
V,407,N,V407N,0,0,0,0
V,407,P,V407P,0,0,0,0
V,407,Q,V407Q,0,0,0,0
V,407,R,V407R,0,0,0,0
V,407,S,V407S,0,0,0,0
V,407,T,V407T,0,0,0,1
V,407,W,V407W,0,0,0,0
V,407,Y,V407Y,0,0,0,0
R,408,A,R408A,0,0,0,1
R,408,C,R408C,0,0,0,1
R,408,D,R408D,0,0,0,1
R,408,E,R408E,0,0,0,1
R,408,F,R408F,0,0,0,1
R,408,G,R408G,0,1,0,1
R,408,H,R408H,0,0,1,1
R,408,I,R408I,0,1,0,1
R,408,K,R408K,0,1,1,1
R,408,L,R408L,0,0,0,1
R,408,M,R408M,0,0,0,1
R,408,N,R408N,0,0,0,1
R,408,P,R408P,0,0,0,1
R,408,Q,R408Q,0,0,0,1
R,408,S,R408S,0,1,0,1
R,408,T,R408T,0,1,0,1
R,408,V,R408V,0,0,0,1
R,408,W,R408W,0,0,0,1
R,408,Y,R408Y,0,0,0,1
Q,409,A,Q409A,0,0,0,0
Q,409,C,Q409C,0,0,0,1
Q,409,D,Q409D,0,0,0,0
Q,409,E,Q409E,0,0,0,1
Q,409,F,Q409F,0,0,0,1
Q,409,G,Q409G,0,0,0,0
Q,409,H,Q409H,0,0,0,0
Q,409,I,Q409I,0,0,0,0
Q,409,K,Q409K,0,0,0,1
Q,409,L,Q409L,0,0,0,0
Q,409,M,Q409M,0,0,0,0
Q,409,N,Q409N,0,0,0,0
Q,409,P,Q409P,0,0,0,0
Q,409,R,Q409R,0,0,0,0
Q,409,S,Q409S,0,0,0,0
Q,409,T,Q409T,0,0,0,0
Q,409,V,Q409V,0,0,0,0
Q,409,W,Q409W,0,0,0,0
Q,409,Y,Q409Y,0,0,0,1
I,410,A,I410A,0,0,0,0
I,410,C,I410C,0,0,0,0
I,410,D,I410D,0,0,0,0
I,410,E,I410E,0,0,0,0
I,410,F,I410F,0,0,0,0
I,410,G,I410G,0,0,0,0
I,410,H,I410H,0,0,0,0
I,410,K,I410K,0,0,0,0
I,410,L,I410L,0,0,0,1
I,410,M,I410M,0,0,0,0
I,410,N,I410N,0,0,0,0
I,410,P,I410P,0,0,0,0
I,410,Q,I410Q,0,0,0,0
I,410,R,I410R,0,0,0,0
I,410,S,I410S,0,0,0,0
I,410,T,I410T,0,0,0,0
I,410,V,I410V,0,1,0,1
I,410,W,I410W,0,0,0,0
I,410,Y,I410Y,0,0,0,0
A,411,C,A411C,0,0,0,1
A,411,D,A411D,0,0,0,1
A,411,E,A411E,0,0,0,1
A,411,F,A411F,0,0,0,0
A,411,G,A411G,0,0,0,1
A,411,H,A411H,0,0,0,1
A,411,I,A411I,0,0,0,0
A,411,K,A411K,0,0,0,1
A,411,L,A411L,0,0,0,0
A,411,M,A411M,0,0,0,1
A,411,N,A411N,0,0,0,0
A,411,P,A411P,0,0,0,0
A,411,Q,A411Q,0,0,0,1
A,411,R,A411R,0,0,0,1
A,411,S,A411S,0,1,0,1
A,411,T,A411T,0,1,0,1
A,411,V,A411V,0,1,0,1
A,411,W,A411W,0,0,0,1
A,411,Y,A411Y,0,0,0,0
P,412,A,P412A,0,0,0,0
P,412,C,P412C,0,0,0,0
P,412,D,P412D,0,0,0,0
P,412,E,P412E,0,0,0,0
P,412,F,P412F,0,0,0,0
P,412,G,P412G,0,0,0,0
P,412,H,P412H,0,0,0,0
P,412,I,P412I,0,0,0,0
P,412,K,P412K,0,0,0,0
P,412,L,P412L,0,0,0,0
P,412,M,P412M,0,0,0,0
P,412,N,P412N,0,0,0,0
P,412,Q,P412Q,0,0,0,0
P,412,R,P412R,0,0,0,0
P,412,S,P412S,0,0,0,0
P,412,T,P412T,0,0,0,0
P,412,V,P412V,0,0,0,0
P,412,W,P412W,0,0,0,0
P,412,Y,P412Y,0,0,0,0
G,413,A,G413A,0,1,1,1
G,413,C,G413C,0,0,0,1
G,413,D,G413D,0,0,0,1
G,413,E,G413E,0,1,0,1
G,413,F,G413F,0,0,0,1
G,413,H,G413H,0,0,0,1
G,413,I,G413I,0,0,0,0
G,413,K,G413K,0,0,0,1
G,413,L,G413L,0,0,0,1
G,413,M,G413M,0,0,0,1
G,413,N,G413N,0,0,0,1
G,413,P,G413P,0,0,0,0
G,413,Q,G413Q,0,0,0,1
G,413,R,G413R,0,1,0,1
G,413,S,G413S,0,0,1,1
G,413,T,G413T,0,0,0,1
G,413,V,G413V,0,1,0,1
G,413,W,G413W,0,1,0,1
G,413,Y,G413Y,0,0,0,1
Q,414,A,Q414A,0,0,0,1
Q,414,C,Q414C,0,0,0,1
Q,414,D,Q414D,0,0,0,0
Q,414,E,Q414E,0,0,0,1
Q,414,F,Q414F,0,0,0,1
Q,414,G,Q414G,0,0,0,1
Q,414,H,Q414H,0,1,0,1
Q,414,I,Q414I,0,0,0,1
Q,414,K,Q414K,0,1,1,1
Q,414,L,Q414L,0,1,0,1
Q,414,M,Q414M,0,0,0,1
Q,414,N,Q414N,0,0,0,1
Q,414,P,Q414P,0,0,0,0
Q,414,R,Q414R,0,1,0,1
Q,414,S,Q414S,0,0,0,1
Q,414,T,Q414T,0,0,0,1
Q,414,V,Q414V,0,0,0,1
Q,414,W,Q414W,0,0,0,0
Q,414,Y,Q414Y,0,0,0,1
T,415,A,T415A,0,1,0,1
T,415,C,T415C,0,0,0,1
T,415,D,T415D,0,0,0,1
T,415,E,T415E,0,0,0,1
T,415,F,T415F,0,0,0,1
T,415,G,T415G,0,0,0,1
T,415,H,T415H,0,0,0,1
T,415,I,T415I,0,1,0,1
T,415,K,T415K,0,0,0,1
T,415,L,T415L,0,0,0,1
T,415,M,T415M,0,0,0,1
T,415,N,T415N,0,1,0,1
T,415,P,T415P,0,0,0,1
T,415,Q,T415Q,0,0,0,1
T,415,R,T415R,0,0,0,1
T,415,S,T415S,0,1,0,1
T,415,V,T415V,0,0,0,1
T,415,W,T415W,0,0,0,1
T,415,Y,T415Y,0,0,0,1
G,416,A,G416A,0,0,0,0
G,416,C,G416C,0,0,0,0
G,416,D,G416D,0,0,0,0
G,416,E,G416E,0,0,0,0
G,416,F,G416F,0,0,0,0
G,416,H,G416H,0,0,0,0
G,416,I,G416I,0,0,0,0
G,416,K,G416K,0,0,0,0
G,416,L,G416L,0,0,0,0
G,416,M,G416M,0,0,0,0
G,416,N,G416N,0,0,0,0
G,416,P,G416P,0,0,0,0
G,416,Q,G416Q,0,0,0,0
G,416,R,G416R,0,0,0,0
G,416,S,G416S,0,0,0,0
G,416,T,G416T,0,0,0,0
G,416,V,G416V,0,0,0,0
G,416,W,G416W,0,0,0,0
G,416,Y,G416Y,0,0,0,0
K,417,A,K417A,0,0,0,1
K,417,C,K417C,0,0,0,1
K,417,D,K417D,0,0,0,0
K,417,E,K417E,0,1,0,0
K,417,F,K417F,0,0,0,1
K,417,G,K417G,0,0,0,0
K,417,H,K417H,0,0,0,1
K,417,I,K417I,0,0,0,1
K,417,L,K417L,0,0,0,1
K,417,M,K417M,0,1,0,1
K,417,N,K417N,1,1,0,0
K,417,P,K417P,0,0,0,1
K,417,Q,K417Q,0,0,0,0
K,417,R,K417R,0,1,1,1
K,417,S,K417S,0,0,0,0
K,417,T,K417T,0,1,0,1
K,417,V,K417V,0,0,1,1
K,417,W,K417W,0,0,0,1
K,417,Y,K417Y,0,0,0,1
I,418,A,I418A,0,0,0,0
I,418,C,I418C,0,0,0,0
I,418,D,I418D,0,0,0,0
I,418,E,I418E,0,0,0,0
I,418,F,I418F,0,0,0,0
I,418,G,I418G,0,0,0,0
I,418,H,I418H,0,0,0,0
I,418,K,I418K,0,0,0,0
I,418,L,I418L,0,0,0,0
I,418,M,I418M,0,0,0,0
I,418,N,I418N,0,0,0,0
I,418,P,I418P,0,0,0,0
I,418,Q,I418Q,0,0,0,0
I,418,R,I418R,0,0,0,0
I,418,S,I418S,0,0,0,0
I,418,T,I418T,0,0,0,0
I,418,V,I418V,0,1,0,1
I,418,W,I418W,0,0,0,0
I,418,Y,I418Y,0,0,0,0
A,419,C,A419C,0,0,0,1
A,419,D,A419D,0,0,0,0
A,419,E,A419E,0,0,0,0
A,419,F,A419F,0,0,0,0
A,419,G,A419G,0,0,0,0
A,419,H,A419H,0,0,0,0
A,419,I,A419I,0,0,0,0
A,419,K,A419K,0,0,0,0
A,419,L,A419L,0,0,0,0
A,419,M,A419M,0,0,0,0
A,419,N,A419N,0,0,0,0
A,419,P,A419P,0,0,0,1
A,419,Q,A419Q,0,0,0,0
A,419,R,A419R,0,0,0,0
A,419,S,A419S,0,1,0,1
A,419,T,A419T,0,1,0,1
A,419,V,A419V,0,1,0,1
A,419,W,A419W,0,0,0,0
A,419,Y,A419Y,0,0,0,0
D,420,A,D420A,0,1,0,1
D,420,C,D420C,0,0,0,1
D,420,E,D420E,0,0,0,1
D,420,F,D420F,0,0,0,1
D,420,G,D420G,0,0,0,1
D,420,H,D420H,0,0,0,1
D,420,I,D420I,0,0,0,0
D,420,K,D420K,0,0,0,1
D,420,L,D420L,0,0,0,1
D,420,M,D420M,0,0,0,1
D,420,N,D420N,0,1,0,1
D,420,P,D420P,0,0,0,0
D,420,Q,D420Q,0,0,0,1
D,420,R,D420R,0,0,0,1
D,420,S,D420S,0,0,0,1
D,420,T,D420T,0,0,0,1
D,420,V,D420V,0,0,0,0
D,420,W,D420W,0,0,0,1
D,420,Y,D420Y,0,1,0,1
Y,421,A,Y421A,0,0,0,0
Y,421,C,Y421C,0,0,0,1
Y,421,D,Y421D,0,0,0,0
Y,421,E,Y421E,0,0,0,0
Y,421,F,Y421F,0,0,0,1
Y,421,G,Y421G,0,0,0,0
Y,421,H,Y421H,0,0,0,1
Y,421,I,Y421I,0,0,0,1
Y,421,K,Y421K,0,0,0,1
Y,421,L,Y421L,0,0,0,1
Y,421,M,Y421M,0,0,0,1
Y,421,N,Y421N,0,0,0,1
Y,421,P,Y421P,0,0,0,0
Y,421,Q,Y421Q,0,0,0,0
Y,421,R,Y421R,0,0,0,1
Y,421,S,Y421S,0,0,0,0
Y,421,T,Y421T,0,0,0,0
Y,421,V,Y421V,0,0,0,0
Y,421,W,Y421W,0,0,0,0
N,422,A,N422A,0,0,0,0
N,422,C,N422C,0,0,0,0
N,422,D,N422D,0,0,0,0
N,422,E,N422E,0,0,0,0
N,422,F,N422F,0,0,0,0
N,422,G,N422G,0,0,0,0
N,422,H,N422H,0,0,0,0
N,422,I,N422I,0,0,0,0
N,422,K,N422K,0,0,0,0
N,422,L,N422L,0,0,0,0
N,422,M,N422M,0,0,0,0
N,422,P,N422P,0,0,0,0
N,422,Q,N422Q,0,0,0,0
N,422,R,N422R,0,0,0,0
N,422,S,N422S,0,0,0,0
N,422,T,N422T,0,0,0,0
N,422,V,N422V,0,0,0,0
N,422,W,N422W,0,0,0,0
N,422,Y,N422Y,0,0,0,0
Y,423,A,Y423A,0,0,0,0
Y,423,C,Y423C,0,0,0,0
Y,423,D,Y423D,0,0,0,0
Y,423,E,Y423E,0,0,0,0
Y,423,F,Y423F,0,0,0,1
Y,423,G,Y423G,0,0,0,0
Y,423,H,Y423H,0,0,0,0
Y,423,I,Y423I,0,0,0,0
Y,423,K,Y423K,0,0,0,0
Y,423,L,Y423L,0,0,0,0
Y,423,M,Y423M,0,0,0,0
Y,423,N,Y423N,0,0,0,0
Y,423,P,Y423P,0,0,0,0
Y,423,Q,Y423Q,0,0,0,0
Y,423,R,Y423R,0,0,0,0
Y,423,S,Y423S,0,0,0,0
Y,423,T,Y423T,0,0,0,0
Y,423,V,Y423V,0,0,0,0
Y,423,W,Y423W,0,0,0,0
K,424,A,K424A,0,0,0,1
K,424,C,K424C,0,0,0,1
K,424,D,K424D,0,0,0,0
K,424,E,K424E,0,0,0,0
K,424,F,K424F,0,0,0,0
K,424,G,K424G,0,0,0,0
K,424,H,K424H,0,0,0,1
K,424,I,K424I,0,0,0,0
K,424,L,K424L,0,0,0,0
K,424,M,K424M,0,0,0,0
K,424,N,K424N,0,0,0,1
K,424,P,K424P,0,0,0,0
K,424,Q,K424Q,0,0,0,1
K,424,R,K424R,0,0,0,1
K,424,S,K424S,0,0,0,1
K,424,T,K424T,0,0,0,0
K,424,V,K424V,0,0,0,0
K,424,W,K424W,0,0,0,0
K,424,Y,K424Y,0,0,0,0
L,425,A,L425A,0,0,0,1
L,425,C,L425C,0,0,0,0
L,425,D,L425D,0,0,0,0
L,425,E,L425E,0,0,0,0
L,425,F,L425F,0,0,0,0
L,425,G,L425G,0,0,0,0
L,425,H,L425H,0,0,0,0
L,425,I,L425I,0,0,0,1
L,425,K,L425K,0,0,0,0
L,425,M,L425M,0,0,0,1
L,425,N,L425N,0,0,0,0
L,425,P,L425P,0,0,0,0
L,425,Q,L425Q,0,0,0,0
L,425,R,L425R,0,0,0,0
L,425,S,L425S,0,0,0,0
L,425,T,L425T,0,0,0,0
L,425,V,L425V,0,0,0,1
L,425,W,L425W,0,0,0,0
L,425,Y,L425Y,0,0,0,0
P,426,A,P426A,0,0,0,1
P,426,C,P426C,0,0,0,0
P,426,D,P426D,0,0,0,1
P,426,E,P426E,0,0,0,0
P,426,F,P426F,0,0,0,0
P,426,G,P426G,0,0,0,1
P,426,H,P426H,0,0,0,0
P,426,I,P426I,0,0,0,0
P,426,K,P426K,0,0,0,1
P,426,L,P426L,0,0,0,0
P,426,M,P426M,0,0,0,0
P,426,N,P426N,0,0,0,1
P,426,Q,P426Q,0,0,0,0
P,426,R,P426R,0,0,0,0
P,426,S,P426S,0,1,0,1
P,426,T,P426T,0,0,0,1
P,426,V,P426V,0,0,0,0
P,426,W,P426W,0,0,0,0
P,426,Y,P426Y,0,0,0,0
D,427,A,D427A,0,1,0,1
D,427,C,D427C,0,0,0,1
D,427,E,D427E,0,1,0,1
D,427,F,D427F,0,0,0,1
D,427,G,D427G,0,1,0,1
D,427,H,D427H,0,1,0,1
D,427,I,D427I,0,0,0,1
D,427,K,D427K,0,0,0,1
D,427,L,D427L,0,0,0,1
D,427,M,D427M,0,0,0,1
D,427,N,D427N,0,1,0,1
D,427,P,D427P,0,0,0,1
D,427,Q,D427Q,0,0,0,1
D,427,R,D427R,0,0,0,1
D,427,S,D427S,0,0,1,1
D,427,T,D427T,0,0,0,1
D,427,V,D427V,0,1,0,1
D,427,W,D427W,0,0,0,1
D,427,Y,D427Y,0,1,0,1
D,428,A,D428A,0,0,0,1
D,428,C,D428C,0,0,0,1
D,428,E,D428E,0,1,1,1
D,428,F,D428F,0,0,0,1
D,428,G,D428G,0,1,0,1
D,428,H,D428H,0,1,0,1
D,428,I,D428I,0,0,0,1
D,428,K,D428K,0,0,0,1
D,428,L,D428L,0,0,0,1
D,428,M,D428M,0,0,0,1
D,428,N,D428N,0,0,0,1
D,428,P,D428P,0,0,0,0
D,428,Q,D428Q,0,0,0,1
D,428,R,D428R,0,0,0,0
D,428,S,D428S,0,0,0,1
D,428,T,D428T,0,0,0,1
D,428,V,D428V,0,1,0,1
D,428,W,D428W,0,0,0,1
D,428,Y,D428Y,0,1,0,1
F,429,A,F429A,0,0,0,0
F,429,C,F429C,0,0,0,0
F,429,D,F429D,0,0,0,0
F,429,E,F429E,0,0,0,0
F,429,G,F429G,0,0,0,0
F,429,H,F429H,0,0,0,0
F,429,I,F429I,0,0,0,0
F,429,K,F429K,0,0,0,0
F,429,L,F429L,0,0,0,0
F,429,M,F429M,0,0,0,0
F,429,N,F429N,0,0,0,0
F,429,P,F429P,0,0,0,0
F,429,Q,F429Q,0,0,0,0
F,429,R,F429R,0,0,0,0
F,429,S,F429S,0,0,0,0
F,429,T,F429T,0,0,0,0
F,429,V,F429V,0,0,0,0
F,429,W,F429W,0,0,0,1
F,429,Y,F429Y,0,0,0,0
T,430,A,T430A,0,1,0,1
T,430,C,T430C,0,0,0,1
T,430,D,T430D,0,0,0,1
T,430,E,T430E,0,0,0,1
T,430,F,T430F,0,0,0,1
T,430,G,T430G,0,0,0,0
T,430,H,T430H,0,0,0,1
T,430,I,T430I,0,1,0,1
T,430,K,T430K,0,0,0,1
T,430,L,T430L,0,0,1,1
T,430,M,T430M,0,0,1,1
T,430,N,T430N,0,0,0,1
T,430,P,T430P,0,0,0,0
T,430,Q,T430Q,0,0,0,1
T,430,R,T430R,0,0,0,1
T,430,S,T430S,0,0,0,1
T,430,V,T430V,0,0,1,1
T,430,W,T430W,0,0,0,1
T,430,Y,T430Y,0,0,0,1
G,431,A,G431A,0,0,0,0
G,431,C,G431C,0,0,0,0
G,431,D,G431D,0,0,0,0
G,431,E,G431E,0,0,0,0
G,431,F,G431F,0,0,0,0
G,431,H,G431H,0,0,0,0
G,431,I,G431I,0,0,0,0
G,431,K,G431K,0,0,0,0
G,431,L,G431L,0,0,0,0
G,431,M,G431M,0,0,0,0
G,431,N,G431N,0,0,0,0
G,431,P,G431P,0,0,0,0
G,431,Q,G431Q,0,0,0,0
G,431,R,G431R,0,0,0,0
G,431,S,G431S,0,0,0,0
G,431,T,G431T,0,0,0,0
G,431,V,G431V,0,0,0,0
G,431,W,G431W,0,0,0,0
G,431,Y,G431Y,0,0,0,0
C,432,A,C432A,0,0,0,0
C,432,D,C432D,0,0,0,0
C,432,E,C432E,0,0,0,0
C,432,F,C432F,0,0,0,0
C,432,G,C432G,0,0,0,0
C,432,H,C432H,0,0,0,0
C,432,I,C432I,0,0,0,1
C,432,K,C432K,0,0,0,0
C,432,L,C432L,0,0,0,0
C,432,M,C432M,0,0,0,0
C,432,N,C432N,0,0,0,0
C,432,P,C432P,0,0,0,0
C,432,Q,C432Q,0,0,0,0
C,432,R,C432R,0,0,0,0
C,432,S,C432S,0,0,0,0
C,432,T,C432T,0,0,0,0
C,432,V,C432V,0,0,0,0
C,432,W,C432W,0,0,0,0
C,432,Y,C432Y,0,0,0,0
V,433,A,V433A,0,0,0,0
V,433,C,V433C,0,0,0,0
V,433,D,V433D,0,0,0,0
V,433,E,V433E,0,0,0,0
V,433,F,V433F,0,0,0,0
V,433,G,V433G,0,0,0,0
V,433,H,V433H,0,0,0,0
V,433,I,V433I,0,1,1,1
V,433,K,V433K,0,0,0,0
V,433,L,V433L,0,0,0,0
V,433,M,V433M,0,0,0,0
V,433,N,V433N,0,0,0,0
V,433,P,V433P,0,0,0,0
V,433,Q,V433Q,0,0,0,0
V,433,R,V433R,0,0,0,0
V,433,S,V433S,0,0,0,0
V,433,T,V433T,0,0,0,0
V,433,W,V433W,0,0,0,0
V,433,Y,V433Y,0,0,0,0
I,434,A,I434A,0,0,0,1
I,434,C,I434C,0,0,0,1
I,434,D,I434D,0,0,0,0
I,434,E,I434E,0,0,0,0
I,434,F,I434F,0,0,0,1
I,434,G,I434G,0,0,0,0
I,434,H,I434H,0,0,0,0
I,434,K,I434K,0,0,0,0
I,434,L,I434L,0,1,1,1
I,434,M,I434M,0,1,0,1
I,434,N,I434N,0,0,0,0
I,434,P,I434P,0,0,0,0
I,434,Q,I434Q,0,0,0,0
I,434,R,I434R,0,0,0,0
I,434,S,I434S,0,0,0,0
I,434,T,I434T,0,1,0,1
I,434,V,I434V,0,1,0,1
I,434,W,I434W,0,0,0,1
I,434,Y,I434Y,0,0,0,1
A,435,C,A435C,0,0,0,0
A,435,D,A435D,0,0,0,0
A,435,E,A435E,0,0,0,0
A,435,F,A435F,0,0,0,0
A,435,G,A435G,0,0,0,1
A,435,H,A435H,0,0,0,0
A,435,I,A435I,0,0,0,0
A,435,K,A435K,0,0,0,0
A,435,L,A435L,0,0,0,0
A,435,M,A435M,0,0,0,0
A,435,N,A435N,0,0,0,0
A,435,P,A435P,0,0,0,0
A,435,Q,A435Q,0,0,0,0
A,435,R,A435R,0,0,0,0
A,435,S,A435S,0,1,0,1
A,435,T,A435T,0,1,0,1
A,435,V,A435V,0,0,0,1
A,435,W,A435W,0,0,0,1
A,435,Y,A435Y,0,0,0,1
W,436,A,W436A,0,0,0,1
W,436,C,W436C,0,0,0,0
W,436,D,W436D,0,0,0,0
W,436,E,W436E,0,0,0,0
W,436,F,W436F,0,0,0,1
W,436,G,W436G,0,0,0,0
W,436,H,W436H,0,0,0,0
W,436,I,W436I,0,0,0,0
W,436,K,W436K,0,0,0,1
W,436,L,W436L,0,1,0,0
W,436,M,W436M,0,0,0,1
W,436,N,W436N,0,0,0,0
W,436,P,W436P,0,0,0,0
W,436,Q,W436Q,0,0,0,0
W,436,R,W436R,0,0,0,1
W,436,S,W436S,0,0,0,0
W,436,T,W436T,0,0,0,0
W,436,V,W436V,0,0,0,0
W,436,Y,W436Y,0,0,0,1
N,437,A,N437A,0,0,0,1
N,437,C,N437C,0,0,0,1
N,437,D,N437D,0,0,0,0
N,437,E,N437E,0,0,0,0
N,437,F,N437F,0,0,0,0
N,437,G,N437G,0,0,0,1
N,437,H,N437H,0,0,0,0
N,437,I,N437I,0,0,0,0
N,437,K,N437K,0,0,0,0
N,437,L,N437L,0,0,0,0
N,437,M,N437M,0,0,0,0
N,437,P,N437P,0,0,0,1
N,437,Q,N437Q,0,0,0,0
N,437,R,N437R,0,0,0,0
N,437,S,N437S,0,0,0,1
N,437,T,N437T,0,0,0,0
N,437,V,N437V,0,0,0,0
N,437,W,N437W,0,0,0,0
N,437,Y,N437Y,0,0,0,0
S,438,A,S438A,0,0,0,1
S,438,C,S438C,0,0,0,1
S,438,D,S438D,0,0,0,0
S,438,E,S438E,0,0,0,0
S,438,F,S438F,0,0,0,0
S,438,G,S438G,0,0,0,1
S,438,H,S438H,0,0,0,0
S,438,I,S438I,0,0,1,0
S,438,K,S438K,0,0,0,0
S,438,L,S438L,0,0,0,0
S,438,M,S438M,0,0,0,0
S,438,N,S438N,0,0,0,0
S,438,P,S438P,0,0,0,0
S,438,Q,S438Q,0,0,0,0
S,438,R,S438R,0,0,0,0
S,438,T,S438T,0,0,1,1
S,438,V,S438V,0,0,0,0
S,438,W,S438W,0,0,0,0
S,438,Y,S438Y,0,0,0,0
N,439,A,N439A,0,0,0,1
N,439,C,N439C,0,0,0,1
N,439,D,N439D,0,0,0,0
N,439,E,N439E,0,0,0,0
N,439,F,N439F,0,0,0,0
N,439,G,N439G,0,0,0,0
N,439,H,N439H,0,0,0,0
N,439,I,N439I,0,0,1,1
N,439,K,N439K,0,1,1,1
N,439,L,N439L,0,0,0,1
N,439,M,N439M,0,0,0,1
N,439,P,N439P,0,0,0,0
N,439,Q,N439Q,0,0,0,0
N,439,R,N439R,0,0,1,1
N,439,S,N439S,0,0,0,0
N,439,T,N439T,0,0,0,0
N,439,V,N439V,0,0,1,1
N,439,W,N439W,0,0,0,1
N,439,Y,N439Y,0,0,0,0
N,440,A,N440A,0,0,1,1
N,440,C,N440C,0,0,0,1
N,440,D,N440D,0,1,0,1
N,440,E,N440E,0,0,0,1
N,440,F,N440F,0,0,0,1
N,440,G,N440G,0,0,0,1
N,440,H,N440H,0,0,1,1
N,440,I,N440I,0,0,0,1
N,440,K,N440K,1,1,1,1
N,440,L,N440L,0,0,0,1
N,440,M,N440M,0,0,0,1
N,440,P,N440P,0,0,0,1
N,440,Q,N440Q,0,0,0,1
N,440,R,N440R,0,0,0,1
N,440,S,N440S,0,1,1,1
N,440,T,N440T,0,1,1,1
N,440,V,N440V,0,0,0,1
N,440,W,N440W,0,0,0,1
N,440,Y,N440Y,0,1,0,1
L,441,A,L441A,0,0,0,1
L,441,C,L441C,0,0,0,0
L,441,D,L441D,0,0,0,1
L,441,E,L441E,0,0,0,1
L,441,F,L441F,0,1,0,1
L,441,G,L441G,0,0,0,1
L,441,H,L441H,0,0,0,1
L,441,I,L441I,0,1,1,1
L,441,K,L441K,0,0,1,1
L,441,M,L441M,0,0,0,1
L,441,N,L441N,0,0,0,1
L,441,P,L441P,0,0,0,1
L,441,Q,L441Q,0,0,1,1
L,441,R,L441R,0,1,0,1
L,441,S,L441S,0,0,0,0
L,441,T,L441T,0,0,0,0
L,441,V,L441V,0,0,1,1
L,441,W,L441W,0,0,0,1
L,441,Y,L441Y,0,0,0,1
D,442,A,D442A,0,0,0,0
D,442,C,D442C,0,0,0,0
D,442,E,D442E,0,0,0,0
D,442,F,D442F,0,0,0,0
D,442,G,D442G,0,0,0,0
D,442,H,D442H,0,0,0,0
D,442,I,D442I,0,0,0,1
D,442,K,D442K,0,0,0,0
D,442,L,D442L,0,0,0,0
D,442,M,D442M,0,0,0,0
D,442,N,D442N,0,0,0,0
D,442,P,D442P,0,0,0,0
D,442,Q,D442Q,0,0,0,0
D,442,R,D442R,0,0,0,0
D,442,S,D442S,0,0,0,0
D,442,T,D442T,0,0,0,0
D,442,V,D442V,0,1,0,0
D,442,W,D442W,0,0,0,0
D,442,Y,D442Y,0,0,0,0
S,443,A,S443A,0,1,1,1
S,443,C,S443C,0,0,0,0
S,443,D,S443D,0,0,0,0
S,443,E,S443E,0,0,1,0
S,443,F,S443F,0,1,0,0
S,443,G,S443G,0,0,0,0
S,443,H,S443H,0,0,0,0
S,443,I,S443I,0,0,0,0
S,443,K,S443K,0,0,1,0
S,443,L,S443L,0,0,0,0
S,443,M,S443M,0,0,0,0
S,443,N,S443N,0,0,1,0
S,443,P,S443P,0,0,0,0
S,443,Q,S443Q,0,0,0,0
S,443,R,S443R,0,0,0,0
S,443,T,S443T,0,0,0,0
S,443,V,S443V,0,0,0,0
S,443,W,S443W,0,0,0,0
S,443,Y,S443Y,0,0,0,0
K,444,A,K444A,0,0,0,1
K,444,C,K444C,0,0,0,1
K,444,D,K444D,0,0,0,1
K,444,E,K444E,0,0,0,1
K,444,F,K444F,0,0,0,1
K,444,G,K444G,0,0,1,0
K,444,H,K444H,0,0,0,1
K,444,I,K444I,0,0,0,1
K,444,L,K444L,0,0,1,1
K,444,M,K444M,0,1,0,1
K,444,N,K444N,0,1,1,1
K,444,P,K444P,0,0,0,0
K,444,Q,K444Q,0,0,0,1
K,444,R,K444R,0,1,0,1
K,444,S,K444S,0,0,1,1
K,444,T,K444T,0,1,1,1
K,444,V,K444V,0,0,0,1
K,444,W,K444W,0,0,0,1
K,444,Y,K444Y,0,0,0,1
V,445,A,V445A,0,1,0,1
V,445,C,V445C,0,0,0,0
V,445,D,V445D,0,0,0,1
V,445,E,V445E,0,0,1,1
V,445,F,V445F,0,1,0,1
V,445,G,V445G,0,0,1,1
V,445,H,V445H,0,0,0,1
V,445,I,V445I,0,1,0,1
V,445,K,V445K,0,0,1,1
V,445,L,V445L,0,0,0,1
V,445,M,V445M,0,0,0,1
V,445,N,V445N,0,0,1,1
V,445,P,V445P,0,0,0,1
V,445,Q,V445Q,0,0,1,1
V,445,R,V445R,0,0,1,1
V,445,S,V445S,0,0,1,1
V,445,T,V445T,0,0,1,1
V,445,W,V445W,0,0,0,1
V,445,Y,V445Y,0,0,0,1
G,446,A,G446A,0,1,0,1
G,446,C,G446C,0,0,0,0
G,446,D,G446D,0,1,1,1
G,446,E,G446E,0,0,1,1
G,446,F,G446F,0,0,0,0
G,446,H,G446H,0,0,0,1
G,446,I,G446I,0,0,0,1
G,446,K,G446K,0,0,0,1
G,446,L,G446L,0,0,0,1
G,446,M,G446M,0,0,0,1
G,446,N,G446N,0,0,0,1
G,446,P,G446P,0,0,0,1
G,446,Q,G446Q,0,0,1,1
G,446,R,G446R,0,0,0,1
G,446,S,G446S,1,1,1,1
G,446,T,G446T,0,0,1,1
G,446,V,G446V,0,1,0,1
G,446,W,G446W,0,0,0,0
G,446,Y,G446Y,0,0,0,1
G,447,A,G447A,0,0,0,0
G,447,C,G447C,0,0,0,0
G,447,D,G447D,0,1,0,0
G,447,E,G447E,0,0,0,0
G,447,F,G447F,0,0,0,0
G,447,H,G447H,0,0,0,0
G,447,I,G447I,0,0,0,0
G,447,K,G447K,0,0,0,0
G,447,L,G447L,0,0,0,0
G,447,M,G447M,0,0,0,0
G,447,N,G447N,0,0,1,0
G,447,P,G447P,0,0,0,0
G,447,Q,G447Q,0,0,0,0
G,447,R,G447R,0,0,0,0
G,447,S,G447S,0,1,0,0
G,447,T,G447T,0,0,0,0
G,447,V,G447V,0,1,0,0
G,447,W,G447W,0,0,0,0
G,447,Y,G447Y,0,0,0,0
N,448,A,N448A,0,0,0,0
N,448,C,N448C,0,0,0,0
N,448,D,N448D,0,1,0,0
N,448,E,N448E,0,0,0,0
N,448,F,N448F,0,0,0,0
N,448,G,N448G,0,0,1,0
N,448,H,N448H,0,0,0,0
N,448,I,N448I,0,0,0,0
N,448,K,N448K,0,1,0,0
N,448,L,N448L,0,0,0,0
N,448,M,N448M,0,0,0,0
N,448,P,N448P,0,0,0,0
N,448,Q,N448Q,0,0,0,0
N,448,R,N448R,0,0,0,0
N,448,S,N448S,0,1,0,0
N,448,T,N448T,0,1,0,0
N,448,V,N448V,0,0,0,1
N,448,W,N448W,0,0,0,0
N,448,Y,N448Y,0,0,0,0
Y,449,A,Y449A,0,0,0,0
Y,449,C,Y449C,0,0,0,0
Y,449,D,Y449D,0,1,0,0
Y,449,E,Y449E,0,0,0,0
Y,449,F,Y449F,0,1,1,0
Y,449,G,Y449G,0,0,1,0
Y,449,H,Y449H,0,1,1,0
Y,449,I,Y449I,0,0,0,0
Y,449,K,Y449K,0,0,0,0
Y,449,L,Y449L,0,0,0,0
Y,449,M,Y449M,0,0,0,0
Y,449,N,Y449N,0,1,0,0
Y,449,P,Y449P,0,0,0,0
Y,449,Q,Y449Q,0,0,0,0
Y,449,R,Y449R,0,0,0,0
Y,449,S,Y449S,0,1,0,0
Y,449,T,Y449T,0,0,0,0
Y,449,V,Y449V,0,0,0,0
Y,449,W,Y449W,0,0,0,0
N,450,A,N450A,0,0,0,1
N,450,C,N450C,0,0,0,1
N,450,D,N450D,0,1,0,1
N,450,E,N450E,0,0,0,1
N,450,F,N450F,0,0,0,1
N,450,G,N450G,0,0,1,1
N,450,H,N450H,0,0,0,1
N,450,I,N450I,0,0,0,1
N,450,K,N450K,0,1,0,1
N,450,L,N450L,0,0,0,1
N,450,M,N450M,0,0,0,1
N,450,P,N450P,0,0,0,0
N,450,Q,N450Q,0,0,0,1
N,450,R,N450R,0,0,0,1
N,450,S,N450S,0,0,1,1
N,450,T,N450T,0,0,0,0
N,450,V,N450V,0,0,0,1
N,450,W,N450W,0,0,0,1
N,450,Y,N450Y,0,0,0,1
Y,451,A,Y451A,0,0,0,0
Y,451,C,Y451C,0,0,0,0
Y,451,D,Y451D,0,0,0,0
Y,451,E,Y451E,0,0,0,0
Y,451,F,Y451F,0,0,1,1
Y,451,G,Y451G,0,0,0,0
Y,451,H,Y451H,0,1,0,1
Y,451,I,Y451I,0,0,0,0
Y,451,K,Y451K,0,0,0,0
Y,451,L,Y451L,0,0,0,1
Y,451,M,Y451M,0,0,0,1
Y,451,N,Y451N,0,0,0,1
Y,451,P,Y451P,0,0,0,0
Y,451,Q,Y451Q,0,0,0,1
Y,451,R,Y451R,0,0,0,0
Y,451,S,Y451S,0,0,0,0
Y,451,T,Y451T,0,0,0,0
Y,451,V,Y451V,0,0,0,0
Y,451,W,Y451W,0,0,0,0
L,452,A,L452A,0,0,0,1
L,452,C,L452C,0,0,0,1
L,452,D,L452D,0,0,0,1
L,452,E,L452E,0,0,0,1
L,452,F,L452F,0,0,1,1
L,452,G,L452G,0,0,0,1
L,452,H,L452H,0,0,0,1
L,452,I,L452I,0,0,0,1
L,452,K,L452K,0,0,1,1
L,452,M,L452M,0,1,0,1
L,452,N,L452N,0,0,0,1
L,452,P,L452P,0,0,0,0
L,452,Q,L452Q,0,1,0,1
L,452,R,L452R,0,1,0,1
L,452,S,L452S,0,0,0,1
L,452,T,L452T,0,0,0,1
L,452,V,L452V,0,0,0,1
L,452,W,L452W,0,1,0,1
L,452,Y,L452Y,0,0,1,1
Y,453,A,Y453A,0,0,0,1
Y,453,C,Y453C,0,0,0,1
Y,453,D,Y453D,0,0,0,0
Y,453,E,Y453E,0,0,0,0
Y,453,F,Y453F,0,1,0,1
Y,453,G,Y453G,0,0,0,0
Y,453,H,Y453H,0,0,0,1
Y,453,I,Y453I,0,0,0,1
Y,453,K,Y453K,0,0,0,1
Y,453,L,Y453L,0,0,0,1
Y,453,M,Y453M,0,0,0,1
Y,453,N,Y453N,0,0,0,0
Y,453,P,Y453P,0,0,0,0
Y,453,Q,Y453Q,0,0,0,1
Y,453,R,Y453R,0,0,0,0
Y,453,S,Y453S,0,0,0,1
Y,453,T,Y453T,0,0,0,1
Y,453,V,Y453V,0,0,0,1
Y,453,W,Y453W,0,0,0,1
R,454,A,R454A,0,0,0,0
R,454,C,R454C,0,0,0,0
R,454,D,R454D,0,0,0,0
R,454,E,R454E,0,0,0,0
R,454,F,R454F,0,0,0,0
R,454,G,R454G,0,0,0,0
R,454,H,R454H,0,0,0,0
R,454,I,R454I,0,0,0,0
R,454,K,R454K,0,0,0,0
R,454,L,R454L,0,0,0,0
R,454,M,R454M,0,0,0,0
R,454,N,R454N,0,0,0,0
R,454,P,R454P,0,0,0,0
R,454,Q,R454Q,0,0,0,0
R,454,S,R454S,0,0,0,0
R,454,T,R454T,0,0,0,0
R,454,V,R454V,0,0,0,0
R,454,W,R454W,0,0,0,0
R,454,Y,R454Y,0,0,0,0
L,455,A,L455A,0,0,0,0
L,455,C,L455C,0,0,0,0
L,455,D,L455D,0,0,0,0
L,455,E,L455E,0,0,0,0
L,455,F,L455F,0,1,0,1
L,455,G,L455G,0,0,0,0
L,455,H,L455H,0,0,0,0
L,455,I,L455I,0,0,1,1
L,455,K,L455K,0,0,0,0
L,455,M,L455M,0,0,0,1
L,455,N,L455N,0,0,0,0
L,455,P,L455P,0,0,0,0
L,455,Q,L455Q,0,0,0,0
L,455,R,L455R,0,0,1,0
L,455,S,L455S,0,1,1,0
L,455,T,L455T,0,0,0,0
L,455,V,L455V,0,0,0,0
L,455,W,L455W,0,0,1,1
L,455,Y,L455Y,0,0,1,0
F,456,A,F456A,0,0,0,0
F,456,C,F456C,0,0,0,0
F,456,D,F456D,0,0,0,0
F,456,E,F456E,0,0,0,0
F,456,G,F456G,0,0,0,0
F,456,H,F456H,0,0,0,0
F,456,I,F456I,0,0,0,0
F,456,K,F456K,0,0,0,0
F,456,L,F456L,0,1,1,1
F,456,M,F456M,0,0,0,1
F,456,N,F456N,0,0,0,0
F,456,P,F456P,0,0,0,0
F,456,Q,F456Q,0,0,0,0
F,456,R,F456R,0,0,0,0
F,456,S,F456S,0,0,0,0
F,456,T,F456T,0,0,0,0
F,456,V,F456V,0,0,1,0
F,456,W,F456W,0,0,1,0
F,456,Y,F456Y,0,0,0,0
R,457,A,R457A,0,0,0,1
R,457,C,R457C,0,0,0,0
R,457,D,R457D,0,0,0,0
R,457,E,R457E,0,0,0,0
R,457,F,R457F,0,0,0,0
R,457,G,R457G,0,0,0,1
R,457,H,R457H,0,0,0,0
R,457,I,R457I,0,0,0,0
R,457,K,R457K,0,0,0,1
R,457,L,R457L,0,0,0,0
R,457,M,R457M,0,0,0,0
R,457,N,R457N,0,0,0,0
R,457,P,R457P,0,0,0,0
R,457,Q,R457Q,0,0,0,0
R,457,S,R457S,0,1,0,1
R,457,T,R457T,0,0,0,0
R,457,V,R457V,0,0,0,0
R,457,W,R457W,0,0,0,0
R,457,Y,R457Y,0,0,0,0
K,458,A,K458A,0,0,0,1
K,458,C,K458C,0,0,0,1
K,458,D,K458D,0,0,0,1
K,458,E,K458E,0,1,0,1
K,458,F,K458F,0,0,0,1
K,458,G,K458G,0,0,0,1
K,458,H,K458H,0,0,1,1
K,458,I,K458I,0,0,0,1
K,458,L,K458L,0,0,0,1
K,458,M,K458M,0,0,0,1
K,458,N,K458N,0,1,0,1
K,458,P,K458P,0,0,0,1
K,458,Q,K458Q,0,0,0,1
K,458,R,K458R,0,1,1,1
K,458,S,K458S,0,0,1,1
K,458,T,K458T,0,1,0,1
K,458,V,K458V,0,0,0,1
K,458,W,K458W,0,0,0,1
K,458,Y,K458Y,0,0,0,1
S,459,A,S459A,0,0,1,1
S,459,C,S459C,0,0,0,1
S,459,D,S459D,0,0,0,1
S,459,E,S459E,0,0,1,1
S,459,F,S459F,0,1,0,1
S,459,G,S459G,0,0,1,1
S,459,H,S459H,0,0,0,1
S,459,I,S459I,0,0,0,1
S,459,K,S459K,0,0,0,1
S,459,L,S459L,0,0,0,1
S,459,M,S459M,0,0,0,1
S,459,N,S459N,0,0,0,1
S,459,P,S459P,0,1,0,1
S,459,Q,S459Q,0,0,0,1
S,459,R,S459R,0,0,0,1
S,459,T,S459T,0,0,0,1
S,459,V,S459V,0,0,0,1
S,459,W,S459W,0,0,0,1
S,459,Y,S459Y,0,1,0,1
N,460,A,N460A,0,0,0,1
N,460,C,N460C,0,0,0,1
N,460,D,N460D,0,0,0,1
N,460,E,N460E,0,0,0,1
N,460,F,N460F,0,0,0,1
N,460,G,N460G,0,0,0,1
N,460,H,N460H,0,0,0,1
N,460,I,N460I,0,1,0,1
N,460,K,N460K,0,1,1,1
N,460,L,N460L,0,0,0,1
N,460,M,N460M,0,0,0,1
N,460,P,N460P,0,0,0,1
N,460,Q,N460Q,0,0,0,1
N,460,R,N460R,0,0,0,1
N,460,S,N460S,0,1,0,1
N,460,T,N460T,0,1,0,1
N,460,V,N460V,0,0,1,1
N,460,W,N460W,0,0,0,1
N,460,Y,N460Y,0,1,0,1
L,461,A,L461A,0,0,0,0
L,461,C,L461C,0,0,0,0
L,461,D,L461D,0,0,0,0
L,461,E,L461E,0,0,0,0
L,461,F,L461F,0,0,0,1
L,461,G,L461G,0,0,0,0
L,461,H,L461H,0,0,0,0
L,461,I,L461I,0,1,1,1
L,461,K,L461K,0,0,0,0
L,461,M,L461M,0,0,0,1
L,461,N,L461N,0,0,0,0
L,461,P,L461P,0,0,0,0
L,461,Q,L461Q,0,0,0,0
L,461,R,L461R,0,0,0,0
L,461,S,L461S,0,0,0,0
L,461,T,L461T,0,0,0,0
L,461,V,L461V,0,0,0,1
L,461,W,L461W,0,0,0,0
L,461,Y,L461Y,0,0,0,0
K,462,A,K462A,0,0,0,1
K,462,C,K462C,0,0,0,1
K,462,D,K462D,0,0,0,1
K,462,E,K462E,0,1,0,1
K,462,F,K462F,0,0,0,1
K,462,G,K462G,0,0,0,1
K,462,H,K462H,0,0,0,1
K,462,I,K462I,0,1,0,1
K,462,L,K462L,0,0,1,1
K,462,M,K462M,0,0,0,1
K,462,N,K462N,0,0,1,1
K,462,P,K462P,0,0,0,1
K,462,Q,K462Q,0,1,0,1
K,462,R,K462R,0,1,1,1
K,462,S,K462S,0,0,0,1
K,462,T,K462T,0,0,0,1
K,462,V,K462V,0,0,0,1
K,462,W,K462W,0,0,0,1
K,462,Y,K462Y,0,0,0,1
P,463,A,P463A,0,0,0,1
P,463,C,P463C,0,0,0,1
P,463,D,P463D,0,0,0,1
P,463,E,P463E,0,0,0,1
P,463,F,P463F,0,0,0,1
P,463,G,P463G,0,0,0,1
P,463,H,P463H,0,0,0,1
P,463,I,P463I,0,0,0,0
P,463,K,P463K,0,0,0,1
P,463,L,P463L,0,1,0,0
P,463,M,P463M,0,0,0,0
P,463,N,P463N,0,0,0,1
P,463,Q,P463Q,0,0,0,1
P,463,R,P463R,0,0,0,0
P,463,S,P463S,0,1,0,1
P,463,T,P463T,0,0,0,1
P,463,V,P463V,0,0,0,1
P,463,W,P463W,0,0,0,1
P,463,Y,P463Y,0,0,0,1
F,464,A,F464A,0,0,0,1
F,464,C,F464C,0,0,0,1
F,464,D,F464D,0,0,0,1
F,464,E,F464E,0,0,0,1
F,464,G,F464G,0,0,0,1
F,464,H,F464H,0,0,0,1
F,464,I,F464I,0,0,0,1
F,464,K,F464K,0,0,0,1
F,464,L,F464L,0,1,0,1
F,464,M,F464M,0,0,0,1
F,464,N,F464N,0,0,0,1
F,464,P,F464P,0,0,0,0
F,464,Q,F464Q,0,0,0,1
F,464,R,F464R,0,0,0,1
F,464,S,F464S,0,0,0,1
F,464,T,F464T,0,0,0,1
F,464,V,F464V,0,0,0,1
F,464,W,F464W,0,0,0,1
F,464,Y,F464Y,0,0,1,1
E,465,A,E465A,0,1,0,1
E,465,C,E465C,0,0,0,1
E,465,D,E465D,0,1,0,1
E,465,F,E465F,0,0,0,1
E,465,G,E465G,0,1,1,1
E,465,H,E465H,0,0,0,1
E,465,I,E465I,0,0,0,1
E,465,K,E465K,0,0,0,1
E,465,L,E465L,0,0,0,0
E,465,M,E465M,0,0,0,1
E,465,N,E465N,0,0,0,1
E,465,P,E465P,0,0,0,0
E,465,Q,E465Q,0,0,1,1
E,465,R,E465R,0,0,0,1
E,465,S,E465S,0,0,0,1
E,465,T,E465T,0,0,0,1
E,465,V,E465V,0,0,0,1
E,465,W,E465W,0,0,0,0
E,465,Y,E465Y,0,0,0,1
R,466,A,R466A,0,0,0,1
R,466,C,R466C,0,0,0,1
R,466,D,R466D,0,0,0,0
R,466,E,R466E,0,0,0,0
R,466,F,R466F,0,0,0,0
R,466,G,R466G,0,0,0,0
R,466,H,R466H,0,0,0,1
R,466,I,R466I,0,1,0,1
R,466,K,R466K,0,1,0,1
R,466,L,R466L,0,0,0,1
R,466,M,R466M,0,0,0,1
R,466,N,R466N,0,0,0,0
R,466,P,R466P,0,0,0,0
R,466,Q,R466Q,0,0,0,1
R,466,S,R466S,0,0,0,1
R,466,T,R466T,0,0,0,0
R,466,V,R466V,0,0,0,1
R,466,W,R466W,0,0,0,1
R,466,Y,R466Y,0,0,0,1
D,467,A,D467A,0,0,0,0
D,467,C,D467C,0,0,0,0
D,467,E,D467E,0,0,0,0
D,467,F,D467F,0,0,0,0
D,467,G,D467G,0,0,0,0
D,467,H,D467H,0,0,0,0
D,467,I,D467I,0,0,0,0
D,467,K,D467K,0,0,0,0
D,467,L,D467L,0,0,0,0
D,467,M,D467M,0,0,0,0
D,467,N,D467N,0,0,0,0
D,467,P,D467P,0,0,0,0
D,467,Q,D467Q,0,0,0,0
D,467,R,D467R,0,0,0,0
D,467,S,D467S,0,0,0,0
D,467,T,D467T,0,0,0,0
D,467,V,D467V,0,0,0,0
D,467,W,D467W,0,0,0,0
D,467,Y,D467Y,0,0,0,0
I,468,A,I468A,0,0,0,1
I,468,C,I468C,0,0,0,1
I,468,D,I468D,0,0,0,1
I,468,E,I468E,0,0,0,1
I,468,F,I468F,0,0,0,1
I,468,G,I468G,0,0,0,1
I,468,H,I468H,0,0,0,1
I,468,K,I468K,0,0,0,1
I,468,L,I468L,0,0,1,1
I,468,M,I468M,0,0,1,1
I,468,N,I468N,0,0,0,1
I,468,P,I468P,0,0,0,1
I,468,Q,I468Q,0,0,0,1
I,468,R,I468R,0,0,0,1
I,468,S,I468S,0,0,0,1
I,468,T,I468T,0,1,1,1
I,468,V,I468V,0,1,1,1
I,468,W,I468W,0,0,0,1
I,468,Y,I468Y,0,0,0,1
S,469,A,S469A,0,1,1,1
S,469,C,S469C,0,0,0,1
S,469,D,S469D,0,0,0,1
S,469,E,S469E,0,0,0,1
S,469,F,S469F,0,0,0,1
S,469,G,S469G,0,0,0,1
S,469,H,S469H,0,0,0,1
S,469,I,S469I,0,0,0,0
S,469,K,S469K,0,0,0,1
S,469,L,S469L,0,0,0,1
S,469,M,S469M,0,0,0,1
S,469,N,S469N,0,0,0,1
S,469,P,S469P,0,0,0,0
S,469,Q,S469Q,0,0,0,1
S,469,R,S469R,0,0,0,1
S,469,T,S469T,0,0,0,1
S,469,V,S469V,0,0,0,1
S,469,W,S469W,0,0,0,0
S,469,Y,S469Y,0,0,0,1
T,470,A,T470A,0,1,0,1
T,470,C,T470C,0,0,0,1
T,470,D,T470D,0,0,0,1
T,470,E,T470E,0,0,0,1
T,470,F,T470F,0,0,0,1
T,470,G,T470G,0,0,0,1
T,470,H,T470H,0,0,1,1
T,470,I,T470I,0,1,0,1
T,470,K,T470K,0,1,0,1
T,470,L,T470L,0,0,0,1
T,470,M,T470M,0,0,0,1
T,470,N,T470N,0,1,1,1
T,470,P,T470P,0,0,0,1
T,470,Q,T470Q,0,0,0,1
T,470,R,T470R,0,0,1,1
T,470,S,T470S,0,0,0,1
T,470,V,T470V,0,0,0,1
T,470,W,T470W,0,0,0,1
T,470,Y,T470Y,0,0,0,1
E,471,A,E471A,0,1,0,1
E,471,C,E471C,0,0,0,1
E,471,D,E471D,0,1,1,1
E,471,F,E471F,0,0,0,1
E,471,G,E471G,0,1,0,1
E,471,H,E471H,0,0,0,1
E,471,I,E471I,0,0,1,1
E,471,K,E471K,0,1,0,1
E,471,L,E471L,0,0,0,1
E,471,M,E471M,0,0,0,1
E,471,N,E471N,0,0,0,1
E,471,P,E471P,0,0,0,1
E,471,Q,E471Q,0,1,1,1
E,471,R,E471R,0,0,0,1
E,471,S,E471S,0,0,0,1
E,471,T,E471T,0,0,0,1
E,471,V,E471V,0,1,1,1
E,471,W,E471W,0,0,0,1
E,471,Y,E471Y,0,0,1,1
I,472,A,I472A,0,0,0,0
I,472,C,I472C,0,0,0,0
I,472,D,I472D,0,0,1,0
I,472,E,I472E,0,0,0,0
I,472,F,I472F,0,0,0,1
I,472,G,I472G,0,0,0,0
I,472,H,I472H,0,0,0,1
I,472,K,I472K,0,0,0,0
I,472,L,I472L,0,1,1,1
I,472,M,I472M,0,0,0,1
I,472,N,I472N,0,0,0,0
I,472,P,I472P,0,0,1,0
I,472,Q,I472Q,0,0,0,0
I,472,R,I472R,0,0,0,0
I,472,S,I472S,0,0,0,0
I,472,T,I472T,0,1,1,1
I,472,V,I472V,0,1,0,1
I,472,W,I472W,0,0,0,0
I,472,Y,I472Y,0,0,0,1
Y,473,A,Y473A,0,0,0,0
Y,473,C,Y473C,0,0,0,0
Y,473,D,Y473D,0,0,0,0
Y,473,E,Y473E,0,0,0,0
Y,473,F,Y473F,0,1,1,1
Y,473,G,Y473G,0,0,0,0
Y,473,H,Y473H,0,1,0,1
Y,473,I,Y473I,0,0,0,0
Y,473,K,Y473K,0,0,0,0
Y,473,L,Y473L,0,0,0,0
Y,473,M,Y473M,0,0,0,0
Y,473,N,Y473N,0,0,0,0
Y,473,P,Y473P,0,0,0,0
Y,473,Q,Y473Q,0,0,0,0
Y,473,R,Y473R,0,0,0,0
Y,473,S,Y473S,0,0,0,0
Y,473,T,Y473T,0,0,0,0
Y,473,V,Y473V,0,0,0,0
Y,473,W,Y473W,0,0,0,0
Q,474,A,Q474A,0,0,0,1
Q,474,C,Q474C,0,0,0,0
Q,474,D,Q474D,0,0,0,1
Q,474,E,Q474E,0,1,0,1
Q,474,F,Q474F,0,0,0,0
Q,474,G,Q474G,0,0,1,1
Q,474,H,Q474H,0,1,0,1
Q,474,I,Q474I,0,0,0,1
Q,474,K,Q474K,0,0,0,1
Q,474,L,Q474L,0,0,0,0
Q,474,M,Q474M,0,0,0,1
Q,474,N,Q474N,0,0,1,1
Q,474,P,Q474P,0,0,0,1
Q,474,R,Q474R,0,1,0,1
Q,474,S,Q474S,0,0,1,1
Q,474,T,Q474T,0,0,0,1
Q,474,V,Q474V,0,0,0,1
Q,474,W,Q474W,0,0,0,1
Q,474,Y,Q474Y,0,0,0,1
A,475,C,A475C,0,0,0,0
A,475,D,A475D,0,0,0,0
A,475,E,A475E,0,0,0,1
A,475,F,A475F,0,0,0,0
A,475,G,A475G,0,0,0,1
A,475,H,A475H,0,0,0,0
A,475,I,A475I,0,0,0,1
A,475,K,A475K,0,0,0,0
A,475,L,A475L,0,0,0,0
A,475,M,A475M,0,0,0,1
A,475,N,A475N,0,0,0,0
A,475,P,A475P,0,0,1,0
A,475,Q,A475Q,0,0,0,0
A,475,R,A475R,0,0,0,0
A,475,S,A475S,0,1,1,1
A,475,T,A475T,0,1,0,1
A,475,V,A475V,0,1,1,1
A,475,W,A475W,0,0,0,0
A,475,Y,A475Y,0,0,0,0
G,476,A,G476A,0,1,1,1
G,476,C,G476C,0,0,0,0
G,476,D,G476D,0,1,1,0
G,476,E,G476E,0,0,0,0
G,476,F,G476F,0,0,0,0
G,476,H,G476H,0,0,0,1
G,476,I,G476I,0,0,0,0
G,476,K,G476K,0,0,0,0
G,476,L,G476L,0,0,0,0
G,476,M,G476M,0,0,0,0
G,476,N,G476N,0,0,0,0
G,476,P,G476P,0,0,0,0
G,476,Q,G476Q,0,0,1,0
G,476,R,G476R,0,0,0,0
G,476,S,G476S,0,1,1,1
G,476,T,G476T,0,0,0,0
G,476,V,G476V,0,1,0,0
G,476,W,G476W,0,0,0,0
G,476,Y,G476Y,0,0,0,0
S,477,A,S477A,0,0,0,1
S,477,C,S477C,0,0,0,1
S,477,D,S477D,0,0,1,1
S,477,E,S477E,0,0,0,1
S,477,F,S477F,0,0,0,1
S,477,G,S477G,0,1,1,1
S,477,H,S477H,0,0,0,1
S,477,I,S477I,0,1,0,1
S,477,K,S477K,0,0,1,1
S,477,L,S477L,0,0,0,1
S,477,M,S477M,0,0,0,1
S,477,N,S477N,1,1,0,1
S,477,P,S477P,0,0,0,1
S,477,Q,S477Q,0,0,0,1
S,477,R,S477R,0,1,0,1
S,477,T,S477T,0,1,1,1
S,477,V,S477V,0,0,0,1
S,477,W,S477W,0,0,0,1
S,477,Y,S477Y,0,0,0,1
T,478,A,T478A,0,1,0,1
T,478,C,T478C,0,0,0,1
T,478,D,T478D,0,0,0,1
T,478,E,T478E,0,0,0,1
T,478,F,T478F,0,0,0,1
T,478,G,T478G,0,0,1,1
T,478,H,T478H,0,0,0,1
T,478,I,T478I,0,1,0,1
T,478,K,T478K,1,1,1,1
T,478,L,T478L,0,0,0,1
T,478,M,T478M,0,0,0,1
T,478,N,T478N,0,0,1,1
T,478,P,T478P,0,0,0,1
T,478,Q,T478Q,0,0,1,1
T,478,R,T478R,0,1,0,1
T,478,S,T478S,0,0,0,1
T,478,V,T478V,0,0,0,1
T,478,W,T478W,0,0,0,1
T,478,Y,T478Y,0,0,0,1
P,479,A,P479A,0,0,0,1
P,479,C,P479C,0,0,1,1
P,479,D,P479D,0,0,1,1
P,479,E,P479E,0,0,0,1
P,479,F,P479F,0,0,1,1
P,479,G,P479G,0,0,0,1
P,479,H,P479H,0,1,0,1
P,479,I,P479I,0,0,0,0
P,479,K,P479K,0,0,0,1
P,479,L,P479L,0,1,0,1
P,479,M,P479M,0,0,0,1
P,479,N,P479N,0,0,0,1
P,479,Q,P479Q,0,0,0,1
P,479,R,P479R,0,1,0,1
P,479,S,P479S,0,1,1,1
P,479,T,P479T,0,0,1,1
P,479,V,P479V,0,0,0,1
P,479,W,P479W,0,0,0,1
P,479,Y,P479Y,0,0,0,1
C,480,A,C480A,0,0,0,0
C,480,D,C480D,0,0,0,0
C,480,E,C480E,0,0,0,0
C,480,F,C480F,0,0,0,0
C,480,G,C480G,0,0,1,0
C,480,H,C480H,0,0,0,0
C,480,I,C480I,0,0,0,0
C,480,K,C480K,0,0,1,0
C,480,L,C480L,0,0,0,0
C,480,M,C480M,0,0,0,0
C,480,N,C480N,0,0,0,0
C,480,P,C480P,0,0,0,0
C,480,Q,C480Q,0,0,0,0
C,480,R,C480R,0,0,0,0
C,480,S,C480S,0,0,1,0
C,480,T,C480T,0,0,0,0
C,480,V,C480V,0,0,0,0
C,480,W,C480W,0,0,0,0
C,480,Y,C480Y,0,0,0,0
N,481,A,N481A,0,0,0,1
N,481,C,N481C,0,0,1,1
N,481,D,N481D,0,1,0,1
N,481,E,N481E,0,0,0,1
N,481,F,N481F,0,0,0,1
N,481,G,N481G,0,0,0,1
N,481,H,N481H,0,0,0,1
N,481,I,N481I,0,1,0,1
N,481,K,N481K,0,1,0,1
N,481,L,N481L,0,0,0,1
N,481,M,N481M,0,0,0,1
N,481,P,N481P,0,0,0,1
N,481,Q,N481Q,0,0,0,1
N,481,R,N481R,0,0,0,1
N,481,S,N481S,0,1,1,1
N,481,T,N481T,0,0,1,1
N,481,V,N481V,0,0,0,1
N,481,W,N481W,0,0,0,1
N,481,Y,N481Y,0,1,0,1
G,482,A,G482A,0,0,0,1
G,482,C,G482C,0,0,0,1
G,482,D,G482D,0,1,1,1
G,482,E,G482E,0,0,0,1
G,482,F,G482F,0,0,0,1
G,482,H,G482H,0,0,0,1
G,482,I,G482I,0,0,0,1
G,482,K,G482K,0,0,0,1
G,482,L,G482L,0,0,0,1
G,482,M,G482M,0,0,0,1
G,482,N,G482N,0,0,1,1
G,482,P,G482P,0,0,0,1
G,482,Q,G482Q,0,0,1,1
G,482,R,G482R,0,1,0,1
G,482,S,G482S,0,1,1,1
G,482,T,G482T,0,0,0,1
G,482,V,G482V,0,1,0,1
G,482,W,G482W,0,0,0,1
G,482,Y,G482Y,0,0,0,1
V,483,A,V483A,0,1,1,1
V,483,C,V483C,0,0,0,1
V,483,D,V483D,0,0,0,1
V,483,E,V483E,0,0,0,1
V,483,F,V483F,0,1,0,1
V,483,G,V483G,0,1,0,1
V,483,H,V483H,0,0,0,1
V,483,I,V483I,0,1,1,1
V,483,K,V483K,0,0,0,1
V,483,L,V483L,0,1,0,1
V,483,M,V483M,0,0,0,1
V,483,N,V483N,0,0,0,1
V,483,P,V483P,0,0,1,1
V,483,Q,V483Q,0,0,1,1
V,483,R,V483R,0,0,0,1
V,483,S,V483S,0,0,1,1
V,483,T,V483T,0,0,1,1
V,483,W,V483W,0,0,0,1
V,483,Y,V483Y,0,0,0,1
E,484,A,E484A,1,1,0,1
E,484,C,E484C,0,0,0,1
E,484,D,E484D,0,1,0,1
E,484,F,E484F,0,0,0,0
E,484,G,E484G,0,1,1,1
E,484,H,E484H,0,0,0,0
E,484,I,E484I,0,0,1,0
E,484,K,E484K,0,1,0,1
E,484,L,E484L,0,0,0,0
E,484,M,E484M,0,0,0,1
E,484,N,E484N,0,0,1,1
E,484,P,E484P,0,0,1,1
E,484,Q,E484Q,0,1,0,1
E,484,R,E484R,0,1,0,1
E,484,S,E484S,0,0,1,1
E,484,T,E484T,0,0,1,1
E,484,V,E484V,0,1,1,0
E,484,W,E484W,0,0,0,0
E,484,Y,E484Y,0,0,0,0
G,485,A,G485A,0,1,1,1
G,485,C,G485C,0,0,0,1
G,485,D,G485D,0,1,0,0
G,485,E,G485E,0,0,1,1
G,485,F,G485F,0,0,0,0
G,485,H,G485H,0,0,0,1
G,485,I,G485I,0,0,0,0
G,485,K,G485K,0,0,0,1
G,485,L,G485L,0,0,0,0
G,485,M,G485M,0,0,0,1
G,485,N,G485N,0,0,1,1
G,485,P,G485P,0,0,0,0
G,485,Q,G485Q,0,0,1,1
G,485,R,G485R,0,1,0,1
G,485,S,G485S,0,1,0,1
G,485,T,G485T,0,0,1,1
G,485,V,G485V,0,1,0,0
G,485,W,G485W,0,0,0,1
G,485,Y,G485Y,0,0,0,1
F,486,A,F486A,0,0,1,1
F,486,C,F486C,0,0,0,0
F,486,D,F486D,0,0,0,0
F,486,E,F486E,0,0,0,0
F,486,G,F486G,0,0,0,0
F,486,H,F486H,0,0,1,0
F,486,I,F486I,0,0,0,1
F,486,K,F486K,0,0,0,0
F,486,L,F486L,0,1,1,0
F,486,M,F486M,0,0,0,0
F,486,N,F486N,0,0,0,0
F,486,P,F486P,0,0,1,1
F,486,Q,F486Q,0,0,0,0
F,486,R,F486R,0,0,0,1
F,486,S,F486S,0,1,0,0
F,486,T,F486T,0,0,0,0
F,486,V,F486V,0,0,0,0
F,486,W,F486W,0,0,0,1
F,486,Y,F486Y,0,0,0,1
N,487,A,N487A,0,0,0,0
N,487,C,N487C,0,0,0,0
N,487,D,N487D,0,0,1,0
N,487,E,N487E,0,0,0,0
N,487,F,N487F,0,0,0,0
N,487,G,N487G,0,0,1,0
N,487,H,N487H,0,0,0,0
N,487,I,N487I,0,0,0,0
N,487,K,N487K,0,0,0,0
N,487,L,N487L,0,0,0,0
N,487,M,N487M,0,0,0,0
N,487,P,N487P,0,0,0,0
N,487,Q,N487Q,0,0,0,0
N,487,R,N487R,0,0,0,0
N,487,S,N487S,0,0,0,0
N,487,T,N487T,0,0,0,0
N,487,V,N487V,0,0,0,0
N,487,W,N487W,0,0,0,0
N,487,Y,N487Y,0,0,0,0
C,488,A,C488A,0,0,0,0
C,488,D,C488D,0,0,0,0
C,488,E,C488E,0,0,0,0
C,488,F,C488F,0,0,0,0
C,488,G,C488G,0,0,0,0
C,488,H,C488H,0,0,0,0
C,488,I,C488I,0,0,0,0
C,488,K,C488K,0,0,0,0
C,488,L,C488L,0,0,0,0
C,488,M,C488M,0,0,0,0
C,488,N,C488N,0,0,0,0
C,488,P,C488P,0,0,0,0
C,488,Q,C488Q,0,0,0,0
C,488,R,C488R,0,0,0,0
C,488,S,C488S,0,0,0,0
C,488,T,C488T,0,0,0,0
C,488,V,C488V,0,0,0,0
C,488,W,C488W,0,0,0,0
C,488,Y,C488Y,0,0,0,0
Y,489,A,Y489A,0,0,0,0
Y,489,C,Y489C,0,0,0,0
Y,489,D,Y489D,0,0,0,0
Y,489,E,Y489E,0,0,0,0
Y,489,F,Y489F,0,0,1,0
Y,489,G,Y489G,0,0,0,0
Y,489,H,Y489H,0,1,0,0
Y,489,I,Y489I,0,0,0,0
Y,489,K,Y489K,0,0,0,0
Y,489,L,Y489L,0,0,0,0
Y,489,M,Y489M,0,0,0,0
Y,489,N,Y489N,0,0,0,0
Y,489,P,Y489P,0,0,0,0
Y,489,Q,Y489Q,0,0,0,0
Y,489,R,Y489R,0,0,0,0
Y,489,S,Y489S,0,0,0,0
Y,489,T,Y489T,0,0,0,0
Y,489,V,Y489V,0,0,0,0
Y,489,W,Y489W,0,0,0,0
F,490,A,F490A,0,0,1,1
F,490,C,F490C,0,0,0,1
F,490,D,F490D,0,0,1,1
F,490,E,F490E,0,0,1,1
F,490,G,F490G,0,0,0,1
F,490,H,F490H,0,0,0,1
F,490,I,F490I,0,1,0,1
F,490,K,F490K,0,0,1,1
F,490,L,F490L,0,1,0,1
F,490,M,F490M,0,0,0,1
F,490,N,F490N,0,0,1,1
F,490,P,F490P,0,0,0,1
F,490,Q,F490Q,0,0,1,1
F,490,R,F490R,0,0,0,1
F,490,S,F490S,0,1,0,1
F,490,T,F490T,0,0,0,1
F,490,V,F490V,0,1,0,1
F,490,W,F490W,0,0,1,1
F,490,Y,F490Y,0,1,1,1
P,491,A,P491A,0,0,0,1
P,491,C,P491C,0,0,0,0
P,491,D,P491D,0,0,0,0
P,491,E,P491E,0,0,0,1
P,491,F,P491F,0,0,0,0
P,491,G,P491G,0,0,0,1
P,491,H,P491H,0,0,0,0
P,491,I,P491I,0,0,0,0
P,491,K,P491K,0,0,0,0
P,491,L,P491L,0,1,0,0
P,491,M,P491M,0,0,0,0
P,491,N,P491N,0,0,0,0
P,491,Q,P491Q,0,0,0,0
P,491,R,P491R,0,0,0,0
P,491,S,P491S,0,1,0,1
P,491,T,P491T,0,0,0,0
P,491,V,P491V,0,0,0,0
P,491,W,P491W,0,0,0,0
P,491,Y,P491Y,0,0,0,0
L,492,A,L492A,0,0,0,0
L,492,C,L492C,0,0,0,0
L,492,D,L492D,0,0,0,0
L,492,E,L492E,0,0,0,0
L,492,F,L492F,0,0,0,0
L,492,G,L492G,0,0,0,0
L,492,H,L492H,0,0,0,0
L,492,I,L492I,0,0,0,1
L,492,K,L492K,0,0,0,0
L,492,M,L492M,0,0,0,1
L,492,N,L492N,0,0,0,0
L,492,P,L492P,0,0,0,0
L,492,Q,L492Q,0,0,0,0
L,492,R,L492R,0,0,0,0
L,492,S,L492S,0,0,0,0
L,492,T,L492T,0,0,0,0
L,492,V,L492V,0,0,0,1
L,492,W,L492W,0,0,0,0
L,492,Y,L492Y,0,0,0,0
Q,493,A,Q493A,0,0,1,1
Q,493,C,Q493C,0,0,0,1
Q,493,D,Q493D,0,0,0,0
Q,493,E,Q493E,0,1,1,0
Q,493,F,Q493F,0,0,0,1
Q,493,G,Q493G,0,0,0,1
Q,493,H,Q493H,0,1,0,1
Q,493,I,Q493I,0,0,0,1
Q,493,K,Q493K,0,1,1,1
Q,493,L,Q493L,0,1,1,1
Q,493,M,Q493M,0,0,0,1
Q,493,N,Q493N,0,0,1,1
Q,493,P,Q493P,0,1,0,1
Q,493,R,Q493R,1,1,1,1
Q,493,S,Q493S,0,0,0,1
Q,493,T,Q493T,0,0,0,1
Q,493,V,Q493V,0,0,0,1
Q,493,W,Q493W,0,0,0,1
Q,493,Y,Q493Y,0,0,1,1
S,494,A,S494A,0,1,0,1
S,494,C,S494C,0,0,0,1
S,494,D,S494D,0,0,1,0
S,494,E,S494E,0,0,0,1
S,494,F,S494F,0,0,0,1
S,494,G,S494G,0,0,1,0
S,494,H,S494H,0,0,1,1
S,494,I,S494I,0,0,0,0
S,494,K,S494K,0,0,1,1
S,494,L,S494L,0,1,0,1
S,494,M,S494M,0,0,0,1
S,494,N,S494N,0,0,1,1
S,494,P,S494P,0,1,1,1
S,494,Q,S494Q,0,0,0,1
S,494,R,S494R,0,0,1,1
S,494,T,S494T,0,1,0,1
S,494,V,S494V,0,0,0,1
S,494,W,S494W,0,0,0,1
S,494,Y,S494Y,0,0,0,1
Y,495,A,Y495A,0,0,0,0
Y,495,C,Y495C,0,0,0,0
Y,495,D,Y495D,0,0,0,0
Y,495,E,Y495E,0,0,0,0
Y,495,F,Y495F,0,0,0,1
Y,495,G,Y495G,0,0,0,0
Y,495,H,Y495H,0,0,0,0
Y,495,I,Y495I,0,0,0,0
Y,495,K,Y495K,0,0,0,0
Y,495,L,Y495L,0,0,0,0
Y,495,M,Y495M,0,0,0,0
Y,495,N,Y495N,0,0,0,0
Y,495,P,Y495P,0,0,0,0
Y,495,Q,Y495Q,0,0,0,0
Y,495,R,Y495R,0,0,0,0
Y,495,S,Y495S,0,0,0,0
Y,495,T,Y495T,0,0,0,0
Y,495,V,Y495V,0,0,0,0
Y,495,W,Y495W,0,0,0,0
G,496,A,G496A,0,0,1,0
G,496,C,G496C,0,0,0,0
G,496,D,G496D,0,0,1,0
G,496,E,G496E,0,0,0,0
G,496,F,G496F,0,0,0,0
G,496,H,G496H,0,0,0,0
G,496,I,G496I,0,0,0,0
G,496,K,G496K,0,0,0,0
G,496,L,G496L,0,0,0,0
G,496,M,G496M,0,0,0,0
G,496,N,G496N,0,0,0,0
G,496,P,G496P,0,0,0,0
G,496,Q,G496Q,0,0,0,0
G,496,R,G496R,0,1,0,0
G,496,S,G496S,1,1,0,0
G,496,T,G496T,0,0,0,0
G,496,V,G496V,0,1,0,0
G,496,W,G496W,0,0,0,0
G,496,Y,G496Y,0,0,1,0
F,497,A,F497A,0,0,0,0
F,497,C,F497C,0,0,0,0
F,497,D,F497D,0,0,0,0
F,497,E,F497E,0,0,0,0
F,497,G,F497G,0,0,0,0
F,497,H,F497H,0,0,0,0
F,497,I,F497I,0,0,0,0
F,497,K,F497K,0,0,0,0
F,497,L,F497L,0,0,0,0
F,497,M,F497M,0,0,0,0
F,497,N,F497N,0,0,0,0
F,497,P,F497P,0,0,0,0
F,497,Q,F497Q,0,0,0,0
F,497,R,F497R,0,0,0,0
F,497,S,F497S,0,0,0,0
F,497,T,F497T,0,0,0,0
F,497,V,F497V,0,0,0,0
F,497,W,F497W,0,0,0,0
F,497,Y,F497Y,0,0,0,1
Q,498,A,Q498A,0,0,0,1
Q,498,C,Q498C,0,0,0,0
Q,498,D,Q498D,0,0,0,0
Q,498,E,Q498E,0,0,0,0
Q,498,F,Q498F,0,0,1,1
Q,498,G,Q498G,0,0,0,0
Q,498,H,Q498H,0,1,1,1
Q,498,I,Q498I,0,0,0,0
Q,498,K,Q498K,0,1,0,0
Q,498,L,Q498L,0,0,0,0
Q,498,M,Q498M,0,0,0,0
Q,498,N,Q498N,0,0,0,0
Q,498,P,Q498P,0,0,0,0
Q,498,R,Q498R,1,1,0,1
Q,498,S,Q498S,0,0,1,1
Q,498,T,Q498T,0,0,1,0
Q,498,V,Q498V,0,0,0,0
Q,498,W,Q498W,0,0,0,1
Q,498,Y,Q498Y,0,0,1,1
P,499,A,P499A,0,0,0,1
P,499,C,P499C,0,0,0,0
P,499,D,P499D,0,0,1,0
P,499,E,P499E,0,0,0,0
P,499,F,P499F,0,0,0,1
P,499,G,P499G,0,0,0,0
P,499,H,P499H,0,1,0,0
P,499,I,P499I,0,0,1,1
P,499,K,P499K,0,0,0,1
P,499,L,P499L,0,1,0,1
P,499,M,P499M,0,0,0,0
P,499,N,P499N,0,0,0,1
P,499,Q,P499Q,0,0,1,0
P,499,R,P499R,0,1,0,1
P,499,S,P499S,0,1,1,1
P,499,T,P499T,0,1,1,1
P,499,V,P499V,0,0,0,0
P,499,W,P499W,0,0,0,0
P,499,Y,P499Y,0,0,0,1
T,500,A,T500A,0,1,0,0
T,500,C,T500C,0,0,0,0
T,500,D,T500D,0,0,0,0
T,500,E,T500E,0,0,0,0
T,500,F,T500F,0,0,0,0
T,500,G,T500G,0,0,1,0
T,500,H,T500H,0,0,0,0
T,500,I,T500I,0,1,0,0
T,500,K,T500K,0,0,0,0
T,500,L,T500L,0,0,0,0
T,500,M,T500M,0,0,0,0
T,500,N,T500N,0,0,0,0
T,500,P,T500P,0,0,0,0
T,500,Q,T500Q,0,0,0,0
T,500,R,T500R,0,0,0,0
T,500,S,T500S,0,1,1,1
T,500,V,T500V,0,0,0,0
T,500,W,T500W,0,0,0,1
T,500,Y,T500Y,0,0,0,0
N,501,A,N501A,0,0,1,1
N,501,C,N501C,0,0,0,1
N,501,D,N501D,0,0,1,0
N,501,E,N501E,0,0,0,0
N,501,F,N501F,0,0,0,1
N,501,G,N501G,0,0,0,0
N,501,H,N501H,0,1,0,1
N,501,I,N501I,0,1,1,1
N,501,K,N501K,0,0,0,0
N,501,L,N501L,0,0,0,0
N,501,M,N501M,0,0,0,1
N,501,P,N501P,0,0,0,0
N,501,Q,N501Q,0,0,0,1
N,501,R,N501R,0,0,0,0
N,501,S,N501S,0,1,1,1
N,501,T,N501T,0,1,1,1
N,501,V,N501V,0,0,1,1
N,501,W,N501W,0,0,0,1
N,501,Y,N501Y,1,1,0,1
G,502,A,G502A,0,0,0,0
G,502,C,G502C,0,0,0,0
G,502,D,G502D,0,0,0,0
G,502,E,G502E,0,0,0,0
G,502,F,G502F,0,0,0,0
G,502,H,G502H,0,0,0,0
G,502,I,G502I,0,0,0,0
G,502,K,G502K,0,0,0,0
G,502,L,G502L,0,0,0,0
G,502,M,G502M,0,0,0,0
G,502,N,G502N,0,0,0,0
G,502,P,G502P,0,0,0,0
G,502,Q,G502Q,0,0,0,0
G,502,R,G502R,0,0,0,0
G,502,S,G502S,0,0,1,0
G,502,T,G502T,0,0,0,0
G,502,V,G502V,0,0,0,0
G,502,W,G502W,0,0,0,0
G,502,Y,G502Y,0,0,0,0
V,503,A,V503A,0,1,0,1
V,503,C,V503C,0,0,0,1
V,503,D,V503D,0,0,1,1
V,503,E,V503E,0,0,0,1
V,503,F,V503F,0,1,0,1
V,503,G,V503G,0,0,0,1
V,503,H,V503H,0,0,0,1
V,503,I,V503I,0,1,1,1
V,503,K,V503K,0,0,0,1
V,503,L,V503L,0,1,0,1
V,503,M,V503M,0,0,0,1
V,503,N,V503N,0,0,0,1
V,503,P,V503P,0,0,0,0
V,503,Q,V503Q,0,0,1,1
V,503,R,V503R,0,0,0,1
V,503,S,V503S,0,0,0,0
V,503,T,V503T,0,0,0,0
V,503,W,V503W,0,0,0,1
V,503,Y,V503Y,0,0,0,1
G,504,A,G504A,0,0,0,1
G,504,C,G504C,0,0,0,0
G,504,D,G504D,0,1,1,0
G,504,E,G504E,0,0,0,0
G,504,F,G504F,0,0,0,1
G,504,H,G504H,0,0,0,0
G,504,I,G504I,0,0,0,0
G,504,K,G504K,0,0,0,0
G,504,L,G504L,0,0,0,0
G,504,M,G504M,0,0,0,1
G,504,N,G504N,0,1,1,1
G,504,P,G504P,0,0,0,1
G,504,Q,G504Q,0,0,0,1
G,504,R,G504R,0,0,0,1
G,504,S,G504S,0,1,1,1
G,504,T,G504T,0,0,0,1
G,504,V,G504V,0,1,0,0
G,504,W,G504W,0,0,0,0
G,504,Y,G504Y,0,0,0,0
Y,505,A,Y505A,0,0,0,0
Y,505,C,Y505C,0,0,0,0
Y,505,D,Y505D,0,0,0,0
Y,505,E,Y505E,0,0,0,0
Y,505,F,Y505F,0,0,1,1
Y,505,G,Y505G,0,0,0,0
Y,505,H,Y505H,1,1,1,0
Y,505,I,Y505I,0,0,0,0
Y,505,K,Y505K,0,0,0,0
Y,505,L,Y505L,0,0,0,0
Y,505,M,Y505M,0,0,0,0
Y,505,N,Y505N,0,0,0,0
Y,505,P,Y505P,0,0,0,0
Y,505,Q,Y505Q,0,0,0,0
Y,505,R,Y505R,0,0,0,0
Y,505,S,Y505S,0,0,0,0
Y,505,T,Y505T,0,0,0,0
Y,505,V,Y505V,0,0,0,0
Y,505,W,Y505W,0,1,0,1
Q,506,A,Q506A,0,0,0,0
Q,506,C,Q506C,0,0,0,0
Q,506,D,Q506D,0,0,0,0
Q,506,E,Q506E,0,0,0,0
Q,506,F,Q506F,0,0,0,0
Q,506,G,Q506G,0,0,0,0
Q,506,H,Q506H,0,0,0,0
Q,506,I,Q506I,0,0,0,0
Q,506,K,Q506K,0,1,0,0
Q,506,L,Q506L,0,0,0,0
Q,506,M,Q506M,0,0,0,0
Q,506,N,Q506N,0,0,0,1
Q,506,P,Q506P,0,0,0,0
Q,506,R,Q506R,0,0,0,0
Q,506,S,Q506S,0,0,0,0
Q,506,T,Q506T,0,0,0,0
Q,506,V,Q506V,0,0,0,0
Q,506,W,Q506W,0,0,0,0
Q,506,Y,Q506Y,0,0,0,0
P,507,A,P507A,0,1,0,0
P,507,C,P507C,0,0,0,0
P,507,D,P507D,0,0,0,0
P,507,E,P507E,0,0,0,0
P,507,F,P507F,0,0,0,0
P,507,G,P507G,0,0,0,0
P,507,H,P507H,0,0,0,0
P,507,I,P507I,0,0,0,0
P,507,K,P507K,0,0,0,0
P,507,L,P507L,0,0,0,0
P,507,M,P507M,0,0,0,0
P,507,N,P507N,0,0,0,0
P,507,Q,P507Q,0,0,0,0
P,507,R,P507R,0,0,0,0
P,507,S,P507S,0,1,0,0
P,507,T,P507T,0,0,0,0
P,507,V,P507V,0,0,0,0
P,507,W,P507W,0,0,0,0
P,507,Y,P507Y,0,0,0,0
Y,508,A,Y508A,0,0,0,1
Y,508,C,Y508C,0,1,0,1
Y,508,D,Y508D,0,0,0,0
Y,508,E,Y508E,0,0,0,0
Y,508,F,Y508F,0,0,1,1
Y,508,G,Y508G,0,0,0,0
Y,508,H,Y508H,0,1,0,1
Y,508,I,Y508I,0,0,0,1
Y,508,K,Y508K,0,0,0,0
Y,508,L,Y508L,0,0,0,1
Y,508,M,Y508M,0,0,0,1
Y,508,N,Y508N,0,0,0,1
Y,508,P,Y508P,0,0,0,0
Y,508,Q,Y508Q,0,0,0,1
Y,508,R,Y508R,0,0,0,0
Y,508,S,Y508S,0,0,0,1
Y,508,T,Y508T,0,0,0,1
Y,508,V,Y508V,0,0,0,1
Y,508,W,Y508W,0,0,0,1
R,509,A,R509A,0,0,0,0
R,509,C,R509C,0,0,0,0
R,509,D,R509D,0,0,0,0
R,509,E,R509E,0,0,0,0
R,509,F,R509F,0,0,0,0
R,509,G,R509G,0,0,0,0
R,509,H,R509H,0,0,0,0
R,509,I,R509I,0,0,0,0
R,509,K,R509K,0,0,0,0
R,509,L,R509L,0,0,0,0
R,509,M,R509M,0,0,0,0
R,509,N,R509N,0,0,0,0
R,509,P,R509P,0,0,0,0
R,509,Q,R509Q,0,0,0,0
R,509,S,R509S,0,0,0,0
R,509,T,R509T,0,0,0,0
R,509,V,R509V,0,0,0,0
R,509,W,R509W,0,0,0,0
R,509,Y,R509Y,0,0,0,0
V,510,A,V510A,0,0,0,0
V,510,C,V510C,0,0,0,1
V,510,D,V510D,0,0,0,0
V,510,E,V510E,0,0,0,0
V,510,F,V510F,0,0,0,0
V,510,G,V510G,0,0,0,0
V,510,H,V510H,0,0,0,0
V,510,I,V510I,0,0,0,1
V,510,K,V510K,0,0,0,1
V,510,L,V510L,0,1,0,0
V,510,M,V510M,0,0,0,1
V,510,N,V510N,0,0,0,0
V,510,P,V510P,0,0,0,0
V,510,Q,V510Q,0,0,0,0
V,510,R,V510R,0,0,0,0
V,510,S,V510S,0,0,0,0
V,510,T,V510T,0,0,0,1
V,510,W,V510W,0,0,0,0
V,510,Y,V510Y,0,0,0,0
V,511,A,V511A,0,0,0,0
V,511,C,V511C,0,0,0,0
V,511,D,V511D,0,0,0,0
V,511,E,V511E,0,0,0,0
V,511,F,V511F,0,0,0,0
V,511,G,V511G,0,0,0,0
V,511,H,V511H,0,0,0,0
V,511,I,V511I,0,1,0,0
V,511,K,V511K,0,0,0,0
V,511,L,V511L,0,1,0,0
V,511,M,V511M,0,0,0,0
V,511,N,V511N,0,0,0,0
V,511,P,V511P,0,0,0,0
V,511,Q,V511Q,0,0,0,0
V,511,R,V511R,0,0,0,0
V,511,S,V511S,0,0,0,0
V,511,T,V511T,0,0,0,0
V,511,W,V511W,0,0,0,0
V,511,Y,V511Y,0,0,0,0
V,512,A,V512A,0,0,0,0
V,512,C,V512C,0,0,0,0
V,512,D,V512D,0,0,0,0
V,512,E,V512E,0,0,0,0
V,512,F,V512F,0,0,0,0
V,512,G,V512G,0,0,0,0
V,512,H,V512H,0,0,0,0
V,512,I,V512I,0,1,0,1
V,512,K,V512K,0,0,0,0
V,512,L,V512L,0,0,0,0
V,512,M,V512M,0,0,0,0
V,512,N,V512N,0,0,0,0
V,512,P,V512P,0,0,0,0
V,512,Q,V512Q,0,0,0,0
V,512,R,V512R,0,0,0,0
V,512,S,V512S,0,0,0,0
V,512,T,V512T,0,0,0,0
V,512,W,V512W,0,0,0,0
V,512,Y,V512Y,0,0,0,0
L,513,A,L513A,0,0,0,0
L,513,C,L513C,0,0,0,0
L,513,D,L513D,0,0,0,0
L,513,E,L513E,0,0,0,0
L,513,F,L513F,0,1,0,1
L,513,G,L513G,0,0,0,0
L,513,H,L513H,0,0,0,0
L,513,I,L513I,0,1,0,1
L,513,K,L513K,0,0,0,0
L,513,M,L513M,0,0,0,1
L,513,N,L513N,0,0,0,0
L,513,P,L513P,0,0,0,0
L,513,Q,L513Q,0,0,0,0
L,513,R,L513R,0,0,0,0
L,513,S,L513S,0,0,0,0
L,513,T,L513T,0,0,0,0
L,513,V,L513V,0,0,0,1
L,513,W,L513W,0,0,0,0
L,513,Y,L513Y,0,0,0,0
S,514,A,S514A,0,0,0,1
S,514,C,S514C,0,0,0,1
S,514,D,S514D,0,0,0,1
S,514,E,S514E,0,0,0,1
S,514,F,S514F,0,1,0,1
S,514,G,S514G,0,0,0,1
S,514,H,S514H,0,0,0,1
S,514,I,S514I,0,0,0,1
S,514,K,S514K,0,0,0,1
S,514,L,S514L,0,0,0,1
S,514,M,S514M,0,0,0,1
S,514,N,S514N,0,0,0,1
S,514,P,S514P,0,0,0,0
S,514,Q,S514Q,0,0,0,1
S,514,R,S514R,0,0,0,1
S,514,T,S514T,0,1,0,1
S,514,V,S514V,0,0,0,1
S,514,W,S514W,0,0,0,1
S,514,Y,S514Y,0,0,0,1
F,515,A,F515A,0,0,0,0
F,515,C,F515C,0,0,0,0
F,515,D,F515D,0,0,0,0
F,515,E,F515E,0,0,0,0
F,515,G,F515G,0,0,0,1
F,515,H,F515H,0,0,0,0
F,515,I,F515I,0,0,0,1
F,515,K,F515K,0,0,0,0
F,515,L,F515L,0,1,0,1
F,515,M,F515M,0,0,0,1
F,515,N,F515N,0,0,0,0
F,515,P,F515P,0,0,0,0
F,515,Q,F515Q,0,0,0,0
F,515,R,F515R,0,0,0,0
F,515,S,F515S,0,0,0,0
F,515,T,F515T,0,0,0,0
F,515,V,F515V,0,0,0,1
F,515,W,F515W,0,0,0,1
F,515,Y,F515Y,0,0,1,1
E,516,A,E516A,0,0,0,1
E,516,C,E516C,0,0,0,1
E,516,D,E516D,0,0,0,1
E,516,F,E516F,0,0,0,1
E,516,G,E516G,0,1,0,1
E,516,H,E516H,0,0,0,1
E,516,I,E516I,0,0,0,1
E,516,K,E516K,0,0,0,1
E,516,L,E516L,0,0,0,1
E,516,M,E516M,0,0,0,1
E,516,N,E516N,0,0,0,1
E,516,P,E516P,0,0,0,1
E,516,Q,E516Q,0,1,1,1
E,516,R,E516R,0,0,0,1
E,516,S,E516S,0,0,0,1
E,516,T,E516T,0,0,0,1
E,516,V,E516V,0,0,0,1
E,516,W,E516W,0,0,0,1
E,516,Y,E516Y,0,0,0,1
L,517,A,L517A,0,0,0,1
L,517,C,L517C,0,0,0,1
L,517,D,L517D,0,0,0,1
L,517,E,L517E,0,0,0,1
L,517,F,L517F,0,1,0,1
L,517,G,L517G,0,0,0,1
L,517,H,L517H,0,1,0,1
L,517,I,L517I,0,1,0,1
L,517,K,L517K,0,0,0,1
L,517,M,L517M,0,0,0,1
L,517,N,L517N,0,0,0,1
L,517,P,L517P,0,0,0,1
L,517,Q,L517Q,0,0,0,1
L,517,R,L517R,0,0,0,1
L,517,S,L517S,0,0,0,1
L,517,T,L517T,0,0,0,1
L,517,V,L517V,0,0,0,1
L,517,W,L517W,0,0,0,1
L,517,Y,L517Y,0,0,0,1
L,518,A,L518A,0,0,0,1
L,518,C,L518C,0,0,0,1
L,518,D,L518D,0,0,0,1
L,518,E,L518E,0,0,0,1
L,518,F,L518F,0,0,0,1
L,518,G,L518G,0,0,0,1
L,518,H,L518H,0,0,0,1
L,518,I,L518I,0,1,0,1
L,518,K,L518K,0,0,0,1
L,518,M,L518M,0,0,0,1
L,518,N,L518N,0,0,0,1
L,518,P,L518P,0,1,0,1
L,518,Q,L518Q,0,0,0,1
L,518,R,L518R,0,0,0,1
L,518,S,L518S,0,0,0,1
L,518,T,L518T,0,0,0,1
L,518,V,L518V,0,0,0,1
L,518,W,L518W,0,0,0,1
L,518,Y,L518Y,0,0,0,1
H,519,A,H519A,0,0,0,1
H,519,C,H519C,0,0,0,1
H,519,D,H519D,0,0,0,1
H,519,E,H519E,0,0,0,1
H,519,F,H519F,0,0,0,1
H,519,G,H519G,0,0,0,1
H,519,I,H519I,0,0,0,1
H,519,K,H519K,0,0,0,1
H,519,L,H519L,0,0,0,1
H,519,M,H519M,0,0,0,1
H,519,N,H519N,0,0,1,1
H,519,P,H519P,0,1,0,1
H,519,Q,H519Q,0,1,0,1
H,519,R,H519R,0,0,0,1
H,519,S,H519S,0,0,0,1
H,519,T,H519T,0,0,0,1
H,519,V,H519V,0,0,0,1
H,519,W,H519W,0,0,0,1
H,519,Y,H519Y,0,1,0,1
A,520,C,A520C,0,0,0,1
A,520,D,A520D,0,0,0,1
A,520,E,A520E,0,0,0,1
A,520,F,A520F,0,0,0,1
A,520,G,A520G,0,0,1,1
A,520,H,A520H,0,0,0,1
A,520,I,A520I,0,0,0,1
A,520,K,A520K,0,0,0,1
A,520,L,A520L,0,0,0,1
A,520,M,A520M,0,0,0,1
A,520,N,A520N,0,0,0,1
A,520,P,A520P,0,1,0,1
A,520,Q,A520Q,0,0,0,1
A,520,R,A520R,0,0,0,1
A,520,S,A520S,0,1,0,1
A,520,T,A520T,0,1,0,1
A,520,V,A520V,0,1,0,1
A,520,W,A520W,0,0,0,1
A,520,Y,A520Y,0,0,0,1
P,521,A,P521A,0,0,0,1
P,521,C,P521C,0,0,0,1
P,521,D,P521D,0,0,0,1
P,521,E,P521E,0,0,0,1
P,521,F,P521F,0,0,0,1
P,521,G,P521G,0,0,0,1
P,521,H,P521H,0,0,0,1
P,521,I,P521I,0,0,0,1
P,521,K,P521K,0,0,0,1
P,521,L,P521L,0,1,0,1
P,521,M,P521M,0,0,0,1
P,521,N,P521N,0,0,0,1
P,521,Q,P521Q,0,0,0,1
P,521,R,P521R,0,1,0,1
P,521,S,P521S,0,1,0,1
P,521,T,P521T,0,1,0,1
P,521,V,P521V,0,0,0,1
P,521,W,P521W,0,0,0,1
P,521,Y,P521Y,0,0,0,1
A,522,C,A522C,0,0,0,1
A,522,D,A522D,0,0,0,1
A,522,E,A522E,0,0,0,1
A,522,F,A522F,0,0,0,1
A,522,G,A522G,0,1,0,1
A,522,H,A522H,0,0,0,1
A,522,I,A522I,0,0,0,1
A,522,K,A522K,0,0,0,1
A,522,L,A522L,0,0,0,1
A,522,M,A522M,0,0,0,1
A,522,N,A522N,0,0,0,1
A,522,P,A522P,0,1,0,1
A,522,Q,A522Q,0,1,0,1
A,522,R,A522R,0,0,0,0
A,522,S,A522S,0,1,0,1
A,522,T,A522T,0,1,0,1
A,522,V,A522V,0,1,0,1
A,522,W,A522W,0,0,0,1
A,522,Y,A522Y,0,0,0,1
T,523,A,T523A,0,1,0,1
T,523,C,T523C,0,0,0,1
T,523,D,T523D,0,0,0,1
T,523,E,T523E,0,0,0,1
T,523,F,T523F,0,0,0,0
T,523,G,T523G,0,1,0,1
T,523,H,T523H,0,0,0,1
T,523,I,T523I,0,1,0,1
T,523,K,T523K,0,0,0,1
T,523,L,T523L,0,0,0,1
T,523,M,T523M,0,0,0,1
T,523,N,T523N,0,1,0,1
T,523,P,T523P,0,0,0,1
T,523,Q,T523Q,0,0,0,1
T,523,R,T523R,0,0,0,1
T,523,S,T523S,0,1,0,1
T,523,V,T523V,0,0,0,1
T,523,W,T523W,0,0,0,1
T,523,Y,T523Y,0,0,0,1
V,524,A,V524A,0,0,0,1
V,524,C,V524C,0,0,0,0
V,524,D,V524D,0,0,0,1
V,524,E,V524E,0,0,0,1
V,524,F,V524F,0,0,0,1
V,524,G,V524G,0,0,0,1
V,524,H,V524H,0,0,0,1
V,524,I,V524I,0,1,0,1
V,524,K,V524K,0,0,0,1
V,524,L,V524L,0,0,0,1
V,524,M,V524M,0,0,0,1
V,524,N,V524N,0,0,0,1
V,524,P,V524P,0,0,0,1
V,524,Q,V524Q,0,0,0,1
V,524,R,V524R,0,0,0,1
V,524,S,V524S,0,0,0,1
V,524,T,V524T,0,0,0,0
V,524,W,V524W,0,0,0,1
V,524,Y,V524Y,0,0,0,0
C,525,A,C525A,0,0,0,1
C,525,D,C525D,0,0,0,1
C,525,E,C525E,0,0,0,1
C,525,F,C525F,0,0,0,1
C,525,G,C525G,0,0,0,1
C,525,H,C525H,0,0,0,1
C,525,I,C525I,0,1,0,1
C,525,K,C525K,0,0,0,1
C,525,L,C525L,0,0,0,1
C,525,M,C525M,0,0,0,1
C,525,N,C525N,0,0,0,1
C,525,P,C525P,0,0,0,1
C,525,Q,C525Q,0,0,0,1
C,525,R,C525R,0,0,0,1
C,525,S,C525S,0,0,0,1
C,525,T,C525T,0,0,0,1
C,525,V,C525V,0,0,0,1
C,525,W,C525W,0,0,0,1
C,525,Y,C525Y,0,0,0,1
G,526,A,G526A,0,1,0,1
G,526,C,G526C,0,0,0,1
G,526,D,G526D,0,0,0,1
G,526,E,G526E,0,0,0,1
G,526,F,G526F,0,0,0,1
G,526,H,G526H,0,0,0,1
G,526,I,G526I,0,0,0,1
G,526,K,G526K,0,0,0,1
G,526,L,G526L,0,0,0,1
G,526,M,G526M,0,0,0,1
G,526,N,G526N,0,0,0,1
G,526,P,G526P,0,0,0,1
G,526,Q,G526Q,0,0,0,1
G,526,R,G526R,0,0,0,1
G,526,S,G526S,0,1,0,1
G,526,T,G526T,0,1,0,1
G,526,V,G526V,0,0,0,1
G,526,W,G526W,0,0,0,1
G,526,Y,G526Y,0,0,0,1
P,527,A,P527A,0,0,0,1
P,527,C,P527C,0,0,0,1
P,527,D,P527D,0,0,0,1
P,527,E,P527E,0,0,0,1
P,527,F,P527F,0,0,0,1
P,527,G,P527G,0,0,0,1
P,527,H,P527H,0,0,0,1
P,527,I,P527I,0,0,0,1
P,527,K,P527K,0,0,0,1
P,527,L,P527L,0,0,0,0
P,527,M,P527M,0,0,0,1
P,527,N,P527N,0,0,0,1
P,527,Q,P527Q,0,0,0,1
P,527,R,P527R,0,0,0,1
P,527,S,P527S,0,1,0,1
P,527,T,P527T,0,0,0,1
P,527,V,P527V,0,0,0,1
P,527,W,P527W,0,0,0,1
P,527,Y,P527Y,0,0,0,1
K,528,A,K528A,0,0,0,1
K,528,C,K528C,0,0,0,1
K,528,D,K528D,0,0,0,1
K,528,E,K528E,0,0,0,1
K,528,F,K528F,0,0,0,1
K,528,G,K528G,0,1,0,1
K,528,H,K528H,0,0,0,1
K,528,I,K528I,0,1,0,1
K,528,L,K528L,0,0,0,1
K,528,M,K528M,0,0,0,1
K,528,N,K528N,0,0,0,1
K,528,P,K528P,0,0,0,1
K,528,Q,K528Q,0,0,0,1
K,528,R,K528R,0,1,0,1
K,528,S,K528S,0,1,0,1
K,528,T,K528T,0,0,0,1
K,528,V,K528V,0,0,0,1
K,528,W,K528W,0,0,0,1
K,528,Y,K528Y,0,1,0,1
K,529,A,K529A,0,0,0,1
K,529,C,K529C,0,0,0,1
K,529,D,K529D,0,0,0,1
K,529,E,K529E,0,1,0,1
K,529,F,K529F,0,0,0,1
K,529,G,K529G,0,0,0,1
K,529,H,K529H,0,0,0,1
K,529,I,K529I,0,0,0,1
K,529,L,K529L,0,0,1,1
K,529,M,K529M,0,1,0,1
K,529,N,K529N,0,1,0,1
K,529,P,K529P,0,0,0,1
K,529,Q,K529Q,0,1,1,1
K,529,R,K529R,0,1,1,1
K,529,S,K529S,0,0,0,1
K,529,T,K529T,0,1,0,1
K,529,V,K529V,0,0,0,1
K,529,W,K529W,0,0,0,1
K,529,Y,K529Y,0,0,0,1
S,530,A,S530A,0,1,0,1
S,530,C,S530C,0,0,0,1
S,530,D,S530D,0,0,0,1
S,530,E,S530E,0,0,0,1
S,530,F,S530F,0,0,0,1
S,530,G,S530G,0,0,0,1
S,530,H,S530H,0,0,0,1
S,530,I,S530I,0,0,0,1
S,530,K,S530K,0,0,0,1
S,530,L,S530L,0,0,0,1
S,530,M,S530M,0,0,0,1
S,530,N,S530N,0,1,0,1
S,530,P,S530P,0,1,0,1
S,530,Q,S530Q,0,0,0,1
S,530,R,S530R,0,0,0,1
S,530,T,S530T,0,1,0,1
S,530,V,S530V,0,0,0,1
S,530,W,S530W,0,0,0,1
S,530,Y,S530Y,0,0,0,1
T,531,A,T531A,0,0,0,1
T,531,C,T531C,0,0,0,0
T,531,D,T531D,0,0,0,0
T,531,E,T531E,0,0,0,0
T,531,F,T531F,0,0,0,1
T,531,G,T531G,0,0,0,1
T,531,H,T531H,0,0,0,0
T,531,I,T531I,0,0,0,1
T,531,K,T531K,0,0,0,1
T,531,L,T531L,0,0,0,0
T,531,M,T531M,0,0,0,1
T,531,N,T531N,0,0,0,1
T,531,P,T531P,0,0,0,1
T,531,Q,T531Q,0,1,0,1
T,531,R,T531R,0,1,0,0
T,531,S,T531S,0,1,0,0
T,531,V,T531V,0,0,0,1
T,531,W,T531W,0,0,0,1
T,531,Y,T531Y,0,0,0,0
